family,run_dir,sample_idx,true_label,pred_label,deletion_auc,insertion_auc,stability,defect_corr
swin_tiny,outputs/swin_tiny_seed123,11598,0,0,0.7295312939554606,0.8279982207604917,0.7322036862373352,-0.0195477813906586
swin_tiny,outputs/swin_tiny_seed123,8612,0,0,0.5162461447612259,0.5945849629852091,0.6673595428466796,0.0102749772777812
swin_tiny,outputs/swin_tiny_seed123,32384,0,0,0.4977148684183703,0.4482279851126804,0.9687773704528808,0.0315462313386767
swin_tiny,outputs/swin_tiny_seed123,22088,0,0,0.5758189614971343,0.4892662493180069,0.6376836121082305,0.001145684413497
swin_tiny,outputs/swin_tiny_seed123,1258,0,0,0.5543888456377317,0.4388381156063587,0.9236660838127136,0.0361117724684293
swin_tiny,outputs/swin_tiny_seed123,3882,0,0,0.5347088339494803,0.7482543714540952,0.8902053117752076,-0.0479408766946011
swin_tiny,outputs/swin_tiny_seed123,26021,0,3,0.7828760448210232,0.135923945119373,0.9339359283447266,-0.091671991479521
swin_tiny,outputs/swin_tiny_seed123,28706,0,0,0.6473366176755917,0.6559972219365591,0.7644860744476318,0.0560219196492802
swin_tiny,outputs/swin_tiny_seed123,12774,0,0,0.5763265074801893,0.7149899681862735,0.8601993083953857,0.0011524780473708
swin_tiny,outputs/swin_tiny_seed123,20577,0,0,0.5899672027310316,0.6123099080068641,0.9633599400520324,0.004566326061714
swin_tiny,outputs/swin_tiny_seed123,20069,0,0,0.6264417566017073,0.7385178892272961,0.9068094849586488,0.009339942528402
swin_tiny,outputs/swin_tiny_seed123,22989,0,0,0.4979586163225349,0.4430645678064593,0.939636731147766,0.0009334430912727
swin_tiny,outputs/swin_tiny_seed123,19017,0,0,0.269967880422314,0.3966989212952967,0.7932367920875549,-0.0045790012191383
swin_tiny,outputs/swin_tiny_seed123,31697,0,0,0.5092938389825576,0.5621293195313228,0.8516610026359558,0.0347946084283659
swin_tiny,outputs/swin_tiny_seed123,23363,0,0,0.5380273159182707,0.5325369142365162,0.8224762916564942,0.0249742160093688
swin_tiny,outputs/swin_tiny_seed123,18777,0,0,0.5254869578725447,0.6698131066024189,0.9340262055397034,-0.0264748995581161
swin_tiny,outputs/swin_tiny_seed123,11832,0,0,0.5447522783351815,0.6855518057855079,0.8167275011539459,0.0001304254375086
swin_tiny,outputs/swin_tiny_seed123,28618,0,0,0.793138919500052,0.5878508492960464,0.6053233951330185,0.0265324014665425
swin_tiny,outputs/swin_tiny_seed123,22858,0,0,0.5153986534660362,0.5133710956813502,0.9955848574638366,0.0437276190824626
swin_tiny,outputs/swin_tiny_seed123,511,0,0,0.3993400046905435,0.393740670416264,0.9570682525634766,0.0198102902697613
swin_tiny,outputs/swin_tiny_seed123,29736,0,0,0.57873770038168,0.586686733937313,0.9092276453971864,0.0024905768499797
swin_tiny,outputs/swin_tiny_seed123,33474,0,0,0.7544959371298319,0.7321835894626929,0.8694381475448608,0.0262488011655199
swin_tiny,outputs/swin_tiny_seed123,25573,1,0,0.696057094468415,0.3656899156881081,0.8045909702777863,0.0658507167080593
swin_tiny,outputs/swin_tiny_seed123,4312,1,1,0.4724752762918118,0.9224802414275022,0.989828395843506,0.3877588979885326
swin_tiny,outputs/swin_tiny_seed123,24225,1,1,0.1685196940506523,0.645720912679872,0.7546759128570557,0.0624912746003207
swin_tiny,outputs/swin_tiny_seed123,5114,1,1,0.6496563341211417,0.7261215921108946,0.6517013490200043,0.0418451562297075
swin_tiny,outputs/swin_tiny_seed123,107,1,3,0.5544758522946722,0.272133208341927,0.918448543548584,-0.1321574817274131
swin_tiny,outputs/swin_tiny_seed123,10443,1,3,0.3070795328561644,0.5350424040652229,0.9450246095657348,-0.0942356306348517
swin_tiny,outputs/swin_tiny_seed123,5117,1,1,0.4765302439539693,0.5250627536007872,0.7438394784927368,0.0392881112156782
swin_tiny,outputs/swin_tiny_seed123,27764,1,1,0.1616451258135507,0.7337080099925064,0.9889178514480592,0.0485145345137847
swin_tiny,outputs/swin_tiny_seed123,31588,1,1,0.2674237742930021,0.2391942690643649,0.6354433536529541,-0.0652557236409506
swin_tiny,outputs/swin_tiny_seed123,5131,1,1,0.6858651303608143,0.4968669052447243,0.7707619547843934,-0.0227919578678359
swin_tiny,outputs/swin_tiny_seed123,1761,1,1,0.2163359877321031,0.7110697995644033,0.7503587067127228,0.0214368655819702
swin_tiny,outputs/swin_tiny_seed123,34288,1,1,0.3357640246532813,0.940909599859106,0.8153710961341858,0.1265885474563693
swin_tiny,outputs/swin_tiny_seed123,26309,1,0,0.4598784618374338,0.4624901879114986,0.8498762845993042,0.0639896681380919
swin_tiny,outputs/swin_tiny_seed123,21752,1,2,0.102318407618295,0.1982002373023266,0.7911023139953614,-0.0323349525350863
swin_tiny,outputs/swin_tiny_seed123,20801,1,1,0.1791241218833317,0.819830212798843,0.9804196000099182,0.3192290232754191
swin_tiny,outputs/swin_tiny_seed123,17666,1,1,0.1617479051352575,0.0616167230009558,0.8373439192771912,-0.080295259041433
swin_tiny,outputs/swin_tiny_seed123,16706,1,1,0.0847708884685398,0.7051708906630214,0.6988521337509155,0.1331501299246508
swin_tiny,outputs/swin_tiny_seed123,6553,1,1,0.4704520849619715,0.8513833838398117,0.990436053276062,0.0828622055043518
swin_tiny,outputs/swin_tiny_seed123,18583,1,1,0.1573947199870478,0.9283008522208096,0.9979809761047364,0.2665985419677205
swin_tiny,outputs/swin_tiny_seed123,20787,1,1,0.1714823248183368,0.6212612762534722,0.9584614276885988,0.1948150981654528
swin_tiny,outputs/swin_tiny_seed123,33870,1,0,0.3912513629697969,0.6720637882044684,0.9215811371803284,-0.0033289086526639
swin_tiny,outputs/swin_tiny_seed123,19563,1,1,0.6567310848214678,0.954245626987495,0.990586268901825,0.3405491511551631
swin_tiny,outputs/swin_tiny_seed123,2399,2,2,0.7278132839027869,0.7380388406475529,0.8798900723457337,0.0449634427933779
swin_tiny,outputs/swin_tiny_seed123,4407,2,2,0.2259018683828682,0.6980777964806659,0.9438713788986206,0.0441761250647629
swin_tiny,outputs/swin_tiny_seed123,2272,2,2,0.7723992561058892,0.6377178973527489,0.9030086636543274,0.0171048459140912
swin_tiny,outputs/swin_tiny_seed123,2489,2,2,0.608920095604434,0.4933492715737539,0.871018934249878,-0.0101355310133781
swin_tiny,outputs/swin_tiny_seed123,1496,2,2,0.6632816195737199,0.5574966673564514,0.9006449103355407,0.0388382511692635
swin_tiny,outputs/swin_tiny_seed123,2232,2,2,0.7871207801126072,0.7382476232785873,0.7931376695632935,0.0183710789156561
swin_tiny,outputs/swin_tiny_seed123,2415,2,2,0.512587567183755,0.6879544477912898,0.887551212310791,-0.0093855003107786
swin_tiny,outputs/swin_tiny_seed123,2382,2,2,0.644253251054824,0.8664149916015074,0.8793642282485962,0.0369909186669271
swin_tiny,outputs/swin_tiny_seed123,2510,2,2,0.5513841266814863,0.4888729439875323,0.8420660376548768,-0.0112461017938662
swin_tiny,outputs/swin_tiny_seed123,19664,2,2,0.6438680287410641,0.4883129459964817,0.8178601145744324,-0.0245282923341295
swin_tiny,outputs/swin_tiny_seed123,2740,2,2,0.3586238564346828,0.7528784742301458,0.8690992832183838,-0.0063055949063518
swin_tiny,outputs/swin_tiny_seed123,4872,2,2,0.5826413458432369,0.6479118138478652,0.948624050617218,0.0091430382059492
swin_tiny,outputs/swin_tiny_seed123,4574,2,2,0.5466924699749995,0.6831992818918184,0.7834092259407044,-0.0221568104159583
swin_tiny,outputs/swin_tiny_seed123,4029,2,2,0.5350822319956539,0.6928934182094917,0.8925251245498658,0.0211803801179384
swin_tiny,outputs/swin_tiny_seed123,18720,2,2,0.4375297024701865,0.604430412092535,0.7970869183540344,-0.0370307240167371
swin_tiny,outputs/swin_tiny_seed123,1514,2,2,0.6478908047583225,0.4168825651859649,0.831924569606781,0.0432267705732078
swin_tiny,outputs/swin_tiny_seed123,1550,2,2,0.5700755325953875,0.6124667731705546,0.8578631758689881,-0.0048162412473814
swin_tiny,outputs/swin_tiny_seed123,4564,2,2,0.5298312406373391,0.4466437383359132,0.816650664806366,0.0038694537598089
swin_tiny,outputs/swin_tiny_seed123,4498,2,2,0.5581051368023826,0.5152820140794656,0.7914785027503968,-0.0126079799525311
swin_tiny,outputs/swin_tiny_seed123,1557,2,2,0.2320049989721333,0.6189687601379879,0.8530997633934021,-0.0589869688296608
swin_tiny,outputs/swin_tiny_seed123,2195,2,2,0.43278438209933,0.6404800555244403,0.8851206660270691,-0.0317310917093276
swin_tiny,outputs/swin_tiny_seed123,2545,2,2,0.4375601177125765,0.684210246775967,0.928983962535858,-0.0120128936587793
swin_tiny,outputs/swin_tiny_seed123,12693,3,0,0.223142386269501,0.5543658794140356,0.876848554611206,0.0178495368161336
swin_tiny,outputs/swin_tiny_seed123,4750,3,3,0.7803223668421424,0.0555517569579819,0.9400646805763244,-0.0748972815426187
swin_tiny,outputs/swin_tiny_seed123,18268,3,3,0.905428694145428,0.2976733756464114,0.964769446849823,-0.1559934157988876
swin_tiny,outputs/swin_tiny_seed123,18844,3,3,0.3504846163359048,0.8025803870468167,0.9257911443710328,0.0688872718626992
swin_tiny,outputs/swin_tiny_seed123,29937,3,1,0.0852929311680288,0.4633094923856564,0.7298100650310516,0.1778230457537865
swin_tiny,outputs/swin_tiny_seed123,1367,3,3,0.7535319518212305,0.6063303765134265,0.9949651956558228,-0.0018158884273859
swin_tiny,outputs/swin_tiny_seed123,26201,3,3,0.8851658390985335,0.3703215897240284,0.9483959913253784,-0.2122399981547894
swin_tiny,outputs/swin_tiny_seed123,7843,3,0,0.4222464995589234,0.2261761686891077,0.9627736687660218,0.0787317284506397
swin_tiny,outputs/swin_tiny_seed123,25933,3,0,0.6659735474604531,0.5578783917299006,0.8482913732528686,0.0190572014920475
swin_tiny,outputs/swin_tiny_seed123,7777,3,3,0.3609309127494384,0.9480735334572614,0.9444338321685792,0.1004086588143668
swin_tiny,outputs/swin_tiny_seed123,3199,3,3,0.3098857649664239,0.6209284466446547,0.856356966495514,-0.0383483594009965
swin_tiny,outputs/swin_tiny_seed123,1633,3,3,0.1326901223132495,0.919776476172899,0.9939130306243896,0.2016560308324018
swin_tiny,outputs/swin_tiny_seed123,5569,3,4,0.2725362826509496,0.5608241585583373,0.5255106151103973,0.0677849082172532
swin_tiny,outputs/swin_tiny_seed123,32022,3,3,0.4728418205913272,0.8784081796611076,0.9170613884925842,-0.0926004004112066
swin_tiny,outputs/swin_tiny_seed123,4352,3,3,0.6986658587470629,0.9286447781841504,0.9977016925811768,0.2571782115102413
swin_tiny,outputs/swin_tiny_seed123,5398,3,3,0.8191445902927512,0.6309128906495403,0.9205973625183106,0.0012543444210138
swin_tiny,outputs/swin_tiny_seed123,1836,3,3,0.9554245507233076,0.1330298096478941,0.8371063590049743,-0.1375198109963195
swin_tiny,outputs/swin_tiny_seed123,6819,3,5,0.4892334677042527,0.5176816630614667,0.991508400440216,0.0947184682595133
swin_tiny,outputs/swin_tiny_seed123,30428,3,3,0.7434626093226484,0.1497350455302353,0.9607141137123107,-0.0846494650791019
swin_tiny,outputs/swin_tiny_seed123,11121,3,3,0.6047287235332419,0.158641098471719,0.9406171917915344,-0.122771745264618
swin_tiny,outputs/swin_tiny_seed123,34333,3,3,0.9236518208699068,0.259677928134522,0.8209027051925659,-0.1296196688073096
swin_tiny,outputs/swin_tiny_seed123,11558,3,3,0.767572163192483,0.3155557137528717,0.9729288458824158,-0.0692727874026365
swin_tiny,outputs/swin_tiny_seed123,15095,4,4,0.2971007797546501,0.6065817934842601,0.8674424052238464,0.0887233109014442
swin_tiny,outputs/swin_tiny_seed123,5482,4,4,0.4725953510458462,0.4725478767999052,0.9466842174530028,-0.0544012536941781
swin_tiny,outputs/swin_tiny_seed123,27612,4,4,0.3036594316969037,0.6222421597791765,0.9892139554023742,0.0029980536718824
swin_tiny,outputs/swin_tiny_seed123,9711,4,4,0.4346392375107299,0.3827757531155029,0.8849910616874694,-0.0368749600330384
swin_tiny,outputs/swin_tiny_seed123,2485,4,4,0.1814109024390049,0.3574574892935409,0.6975230693817138,0.0029092115862129
swin_tiny,outputs/swin_tiny_seed123,25055,4,0,0.5761042215417547,0.362768411120669,0.960915982723236,0.0709352253032828
swin_tiny,outputs/swin_tiny_seed123,25226,4,0,0.628328680892082,0.5884719937366754,0.8851966500282288,0.0317784559134449
swin_tiny,outputs/swin_tiny_seed123,2517,4,4,0.4705464198225186,0.5171386130166677,0.9377221822738648,0.0216442603161876
swin_tiny,outputs/swin_tiny_seed123,3986,4,4,0.3945231098008761,0.4590046185416465,0.9696655392646788,-0.0219701983430064
swin_tiny,outputs/swin_tiny_seed123,5449,4,4,0.4445317027062812,0.3232166915191179,0.9043150544166564,-0.0727916883311676
swin_tiny,outputs/swin_tiny_seed123,25650,4,0,0.1958941694529699,0.2565500437985974,0.8905725717544556,0.0194183104892374
swin_tiny,outputs/swin_tiny_seed123,5353,4,4,0.4762711971962314,0.4737253125426264,0.9884967923164368,0.0209181965566267
swin_tiny,outputs/swin_tiny_seed123,13786,4,4,0.443668713517896,0.381599875294131,0.9543281078338623,-0.0045930538562802
swin_tiny,outputs/swin_tiny_seed123,4322,4,4,0.3568993100054918,0.6415924785594456,0.969274365901947,0.0635696926252038
swin_tiny,outputs/swin_tiny_seed123,25639,4,4,0.449298656751484,0.300731447369067,0.9524308681488036,-0.0132496423985556
swin_tiny,outputs/swin_tiny_seed123,25205,4,4,0.3106390472403948,0.4992625125727379,0.6331240892410278,0.015755090325297
swin_tiny,outputs/swin_tiny_seed123,1831,4,4,0.4597694503561147,0.5758370860839204,0.9613858819007872,0.0147211670108575
swin_tiny,outputs/swin_tiny_seed123,3536,4,4,0.3617875340517378,0.2738573266305897,0.9738853216171264,-0.089486941396099
swin_tiny,outputs/swin_tiny_seed123,2096,4,4,0.2864832829348236,0.6673560121469957,0.958819591999054,0.0948753126121649
swin_tiny,outputs/swin_tiny_seed123,5469,4,4,0.4761995885194738,0.4815841724243128,0.988128411769867,-0.0038814373936492
swin_tiny,outputs/swin_tiny_seed123,5050,4,4,0.4324047925120688,0.5277450378225486,0.9847148776054382,0.0804929471212593
swin_tiny,outputs/swin_tiny_seed123,25655,4,4,0.3475049003591195,0.35380040894524,0.8048858642578125,-0.0402516621840279
swin_tiny,outputs/swin_tiny_seed123,25122,5,5,0.3632435342487952,0.8099894246151962,0.9786228895187378,0.1044648011821869
swin_tiny,outputs/swin_tiny_seed123,25439,5,5,0.3769552412680923,0.7252174191362428,0.9432632207870484,0.075939619742685
swin_tiny,outputs/swin_tiny_seed123,12884,5,5,0.4762920202720124,0.9019909897906472,0.9778525471687316,0.1038643402339824
swin_tiny,outputs/swin_tiny_seed123,29842,5,0,0.3312390422979661,0.6097020643624091,0.917887806892395,-0.000636258887717
swin_tiny,outputs/swin_tiny_seed123,4418,5,0,0.2155384496441001,0.5179554056467168,0.8384068965911865,-0.047002195253923
swin_tiny,outputs/swin_tiny_seed123,3147,5,3,0.2898366654284814,0.1567766035829549,0.9616853713989256,-0.0607338311050659
swin_tiny,outputs/swin_tiny_seed123,10773,5,3,0.4510190519033585,0.3647466633416911,0.9757774949073792,-0.1239733698691445
swin_tiny,outputs/swin_tiny_seed123,12766,5,1,0.0173470428112931,0.6922364376943282,0.7312820255756378,0.0147370240019892
swin_tiny,outputs/swin_tiny_seed123,30524,5,3,0.6931993788998057,0.2149553672936122,0.8820372223854065,-0.0763960388387912
swin_tiny,outputs/swin_tiny_seed123,1993,5,0,0.4607778619792952,0.5299596355034737,0.6356184661388398,0.0753983557121445
swin_tiny,outputs/swin_tiny_seed123,1632,5,5,0.3419422999868402,0.6964282590342918,0.8192831754684449,0.0818277988706702
swin_tiny,outputs/swin_tiny_seed123,2903,5,0,0.7618251033418346,0.492987402700237,0.8737990498542786,0.0633000946851818
swin_tiny,outputs/swin_tiny_seed123,4288,5,5,0.3055697899953884,0.8009696268854896,0.94501690864563,0.0420186004612348
swin_tiny,outputs/swin_tiny_seed123,26488,5,5,0.2255612515864413,0.7516319528804161,0.9941284537315368,0.0441450694857562
swin_tiny,outputs/swin_tiny_seed123,2127,5,0,0.3404907524563896,0.6690987925539957,0.7829282402992248,0.0386486169146064
swin_tiny,outputs/swin_tiny_seed123,31012,5,5,0.4833726595024927,0.5011416859160818,0.9746673941612244,0.0662407476524712
swin_tiny,outputs/swin_tiny_seed123,26627,5,0,0.2929353030290258,0.4312603395937913,0.7132784366607666,-0.0117370707153501
swin_tiny,outputs/swin_tiny_seed123,19032,5,1,0.137775307517197,0.3197365445088511,0.7307940244674682,0.0460627060793865
swin_tiny,outputs/swin_tiny_seed123,1301,5,5,0.342133904264756,0.8039507898984084,0.9885590434074402,0.1223130674592602
swin_tiny,outputs/swin_tiny_seed123,21284,5,5,0.5147365561570041,0.5988702737231506,0.9436645627021788,-0.0454137382011366
swin_tiny,outputs/swin_tiny_seed123,2304,5,5,0.5965835074457573,0.3960899473750032,0.6269599795341492,-0.063264083784584
swin_tiny,outputs/swin_tiny_seed123,32350,5,5,0.5480962657511554,0.5790429904847656,0.8379770874977112,0.0506518171256611
swin_tiny,outputs/swin_tiny_seed123,4090,6,6,0.2288069451124512,0.4314120962497889,0.8473766326904297,-0.0083709681042347
swin_tiny,outputs/swin_tiny_seed123,1458,6,6,0.2829547253095241,0.435256330388178,0.9643505215644836,0.0096755280311383
swin_tiny,outputs/swin_tiny_seed123,9806,6,6,0.1166030296122455,0.1573399664887391,0.7305348157882691,-0.0137853751722419
swin_tiny,outputs/swin_tiny_seed123,5362,6,6,0.3006388907575426,0.2843611341913412,0.9002263426780701,0.0914381985654955
swin_tiny,outputs/swin_tiny_seed123,20186,6,6,0.4389768793237847,0.6697386607543647,0.9777102708816529,0.0503813170258534
swin_tiny,outputs/swin_tiny_seed123,13709,6,6,0.2586439947859254,0.3045485869129374,0.8459582328796387,0.0407704917187396
swin_tiny,outputs/swin_tiny_seed123,4101,6,6,0.111221328897759,0.5518339268120336,0.9836787581443788,0.2711539724848713
swin_tiny,outputs/swin_tiny_seed123,25601,6,6,0.1875311177443459,0.3563248105555368,0.897998309135437,-0.1129118077825805
swin_tiny,outputs/swin_tiny_seed123,4094,6,6,0.2281580046508813,0.3789818985772328,0.9894052147865297,0.2318330639614874
swin_tiny,outputs/swin_tiny_seed123,25595,6,6,0.0838445678528241,0.3898753599487743,0.9579042673110962,0.2093196182747519
swin_tiny,outputs/swin_tiny_seed123,4100,6,6,0.0892145444242897,0.4112958112393863,0.9816476345062256,0.2220679454139994
swin_tiny,outputs/swin_tiny_seed123,6861,6,6,0.1191229951479573,0.1350070699074192,0.8949381232261657,-0.0054725149585144
swin_tiny,outputs/swin_tiny_seed123,4593,6,3,0.8382437229336119,0.6111454665930864,0.9307060599327088,-0.128128501309941
swin_tiny,outputs/swin_tiny_seed123,9904,6,6,0.1473777375336107,0.3138441993676912,0.9632608890533448,0.0298835128582532
swin_tiny,outputs/swin_tiny_seed123,9906,6,3,0.3866128762501262,0.6787699451123785,0.9865002036094666,-0.0526681290206785
swin_tiny,outputs/swin_tiny_seed123,18601,6,6,0.4704622322205263,0.4329048402136601,0.9703904747962953,0.036547352074744
swin_tiny,outputs/swin_tiny_seed123,4584,6,6,0.0746934464836028,0.2809591842930601,0.9925110340118408,0.2830695532688083
swin_tiny,outputs/swin_tiny_seed123,9143,6,6,0.3134056579388722,0.4030018791415446,0.9470476746559144,0.1364209001467607
swin_tiny,outputs/swin_tiny_seed123,7916,6,6,0.1493975876835369,0.6306937151935945,0.9304312229156494,0.2059084203369154
swin_tiny,outputs/swin_tiny_seed123,16545,6,3,0.7138079828855552,0.7958692391175077,0.9851191997528076,0.1050844577144286
swin_tiny,outputs/swin_tiny_seed123,3044,6,6,0.5367917400690243,0.5073995206845741,0.94359872341156,0.047353818848124
swin_tiny,outputs/swin_tiny_seed123,2299,6,6,0.3100561230919459,0.4924724345596454,0.624977958202362,-0.0092383390934912
swin_tiny,outputs/swin_tiny_seed123,4121,7,7,0.359210105443622,0.4954334964073918,0.9941851258277892,0.0034976177857542
swin_tiny,outputs/swin_tiny_seed123,4150,7,7,0.2725603789088586,0.720270552168127,0.9933163523674012,0.3129790028296015
swin_tiny,outputs/swin_tiny_seed123,10215,7,7,0.2007355631392786,0.3247254510286961,0.6924972772598267,0.0194346186495942
swin_tiny,outputs/swin_tiny_seed123,4160,7,7,0.232879893510377,0.7763819783444479,0.9836620926856996,0.1329508739616708
swin_tiny,outputs/swin_tiny_seed123,4109,7,7,0.358164002102832,0.3493919805205163,0.9922163128852844,0.3288190359405589
swin_tiny,outputs/swin_tiny_seed123,10845,7,7,0.4344755836738998,0.3849639120823021,0.9930501222610474,0.1345012062500138
swin_tiny,outputs/swin_tiny_seed123,4113,7,7,0.2185666439366458,0.43658828162943,0.9480655312538148,0.1694837508080392
swin_tiny,outputs/swin_tiny_seed123,4174,7,7,0.3696649738996171,0.670769773572284,0.9740912318229676,0.2913581126104376
swin_tiny,outputs/swin_tiny_seed123,4951,7,3,0.6853398686934611,0.1283507489233102,0.9532103419303894,-0.0947991600290433
swin_tiny,outputs/swin_tiny_seed123,4139,7,7,0.7201383436878208,0.6265982008482167,0.9615044116973877,0.0109956874616292
swin_tiny,outputs/swin_tiny_seed123,4136,7,7,0.3362179577574933,0.6083426171015297,0.9382911562919616,0.1799529244543973
swin_tiny,outputs/swin_tiny_seed123,4114,7,7,0.6666462421087112,0.6505643396397076,0.9900140762329102,-0.0092211717038547
swin_tiny,outputs/swin_tiny_seed123,4087,7,7,0.2876295615994195,0.729291816803336,0.9908778071403505,0.1424755010309933
swin_tiny,outputs/swin_tiny_seed123,4110,7,7,0.4985733140118045,0.4698441584563597,0.9811178803443908,0.2706788255842988
swin_tiny,outputs/swin_tiny_seed123,1627,7,7,0.1402949640395618,0.3279601544381878,0.9677640676498414,0.1330510294735535
swin_tiny,outputs/swin_tiny_seed123,10935,7,3,0.3339286519612301,0.2060833884624457,0.9292177438735962,0.0002702739685356
swin_tiny,outputs/swin_tiny_seed123,4606,7,7,0.262210413996975,0.7311450388168528,0.9488900899887084,0.2123936183387342
swin_tiny,outputs/swin_tiny_seed123,4164,7,7,0.3124913014870563,0.766572507156194,0.9185068011283876,0.0838655984229177
swin_tiny,outputs/swin_tiny_seed123,26687,7,7,0.2251406360857348,0.0834692147329532,0.9893197774887084,0.0079725804618529
swin_tiny,outputs/swin_tiny_seed123,4169,7,7,0.4671813817115935,0.6993626515632613,0.9489045739173888,-0.2312254144680574
swin_tiny,outputs/swin_tiny_seed123,4605,7,7,0.2608849165478513,0.7989016164157459,0.9698843717575072,0.1763634339749398
swin_tiny,outputs/swin_tiny_seed123,10918,7,7,0.516742417385555,0.3926615151666746,0.9295143008232116,0.0525244910291797
swin_tiny,outputs/swin_tiny_seed123,20030,8,6,0.359085753568747,0.4501667112509797,0.9597139120101928,-0.0463695931559703
swin_tiny,outputs/swin_tiny_seed123,29752,8,8,0.2342260412523413,0.1581515278817526,0.9761441707611084,-1.0197064062781022e-05
swin_tiny,outputs/swin_tiny_seed123,25340,8,3,0.865455539511288,0.3739797122547657,0.9661590695381164,0.147015212394539
swin_tiny,outputs/swin_tiny_seed123,994,8,6,0.1703232534894345,0.4512836424427049,0.8369057655334473,-0.0595624164043501
swin_tiny,outputs/swin_tiny_seed123,25590,8,8,0.1059271718877761,0.1456250386275636,0.9031681537628172,0.1353167806670923
swin_tiny,outputs/swin_tiny_seed123,19770,8,8,0.182316535052209,0.1246051566458835,0.9468330979347228,-0.0643469895943009
swin_tiny,outputs/swin_tiny_seed123,3534,8,8,0.2541939880629797,0.1721470059326693,0.9124159812927246,-0.0141231527012468
swin_tiny,outputs/swin_tiny_seed123,19860,8,8,0.0700544474963511,0.1095630235690813,0.9444697380065918,0.2374379259661948
swin_tiny,outputs/swin_tiny_seed123,25599,8,8,0.1229483673111819,0.1717270673475881,0.9419902443885804,0.1493617189212591
swin_tiny,outputs/swin_tiny_seed123,19849,8,8,0.121430287617759,0.2220588786569595,0.9913980841636658,0.2277328481093775
swin_tiny,outputs/swin_tiny_seed123,25604,8,6,0.2999252214220755,0.2589508866877983,0.8969412326812745,-0.1452740427826169
swin_tiny,outputs/swin_tiny_seed123,3628,8,8,0.1466092050416187,0.2219268974410878,0.9856152415275574,0.2473867424049635
swin_tiny,outputs/swin_tiny_seed123,24624,8,6,0.3221583049859704,0.3925570452395361,0.9885533928871156,-0.1648378345014793
swin_tiny,outputs/swin_tiny_seed123,19741,8,8,0.3162000480067909,0.1737096845773899,0.8966735959053039,-0.1118432226507442
swin_tiny,outputs/swin_tiny_seed123,19783,8,8,0.1622999637384007,0.1316066637671489,0.9883393764495848,0.1328452290257604
swin_tiny,outputs/swin_tiny_seed123,14473,8,8,0.1086992317764998,0.1641901493199336,0.9612152576446532,0.2359221089053793
swin_tiny,outputs/swin_tiny_seed123,34331,8,8,0.1762027034921067,0.1254671571229179,0.943737018108368,0.0529811776973413
swin_tiny,outputs/swin_tiny_seed123,33036,8,8,0.1243892234357719,0.0844351217599443,0.9075205445289612,0.0032999149693461
swin_tiny,outputs/swin_tiny_seed123,25277,8,8,0.0717286276628144,0.1663523399948787,0.9465337872505188,0.1550107151316614
swin_tiny,outputs/swin_tiny_seed123,7807,8,8,0.256434626118167,0.169951354324654,0.9169811010360718,-0.0506976765143177
swin_tiny,outputs/swin_tiny_seed123,25320,8,8,0.2025210253600313,0.1443189862034775,0.9689262747764588,0.0738862269138675
swin_tiny,outputs/swin_tiny_seed123,527,8,8,0.1917324280888697,0.1392515027273672,0.9165675401687622,-0.0129155364268767
swin_tiny,outputs/swin_tiny_seed456,11598,0,0,0.797752538604982,0.860917012905702,0.9375335574150084,0.053982804286507
swin_tiny,outputs/swin_tiny_seed456,8612,0,0,0.7298777928954223,0.5837554302142962,0.7294166207313537,0.0194468858352099
swin_tiny,outputs/swin_tiny_seed456,32384,0,0,0.7606581668478611,0.7344852948481275,0.9498631596565248,0.0573935156435746
swin_tiny,outputs/swin_tiny_seed456,22088,0,0,0.5785217448701587,0.6776270553018549,0.8373761415481568,0.0250025686796606
swin_tiny,outputs/swin_tiny_seed456,1258,0,0,0.849591998179676,0.4929878177695173,0.960965383052826,0.0759914269429538
swin_tiny,outputs/swin_tiny_seed456,3882,0,0,0.5323454094759654,0.6838379418913973,0.8760928034782409,0.0028777218317127
swin_tiny,outputs/swin_tiny_seed456,26021,0,3,0.9584654240711644,0.3373755976258508,0.9474165678024292,-0.1386977937147005
swin_tiny,outputs/swin_tiny_seed456,28706,0,0,0.7884863994258922,0.7749902386294707,0.8834204792976379,0.0478297753932098
swin_tiny,outputs/swin_tiny_seed456,12774,0,0,0.8799839459534269,0.7274065066267212,0.7535881936550141,0.015036176798641
swin_tiny,outputs/swin_tiny_seed456,20577,0,0,0.6868092054196495,0.6633524196972758,0.9037867426872254,0.0348682352503449
swin_tiny,outputs/swin_tiny_seed456,20069,0,0,0.4756288320986641,0.6035516065676347,0.8345744609832764,0.0503502843929195
swin_tiny,outputs/swin_tiny_seed456,22989,0,0,0.6029159753579734,0.6704989357822342,0.8963351011276245,0.0016662700953934
swin_tiny,outputs/swin_tiny_seed456,19017,0,0,0.7889290047041868,0.558929684360919,0.7981353163719177,0.0516811326495991
swin_tiny,outputs/swin_tiny_seed456,31697,0,0,0.7390168531073869,0.5600574372201663,0.9691314101219176,0.0465445747936602
swin_tiny,outputs/swin_tiny_seed456,23363,0,0,0.6532699429590139,0.7150548137105943,0.8878286957740784,0.0104284124441173
swin_tiny,outputs/swin_tiny_seed456,18777,0,0,0.6049645569919448,0.595570024409426,0.8669283628463745,0.0643854188181328
swin_tiny,outputs/swin_tiny_seed456,11832,0,0,0.6953686665715395,0.4603698211853952,0.88402259349823,0.0069546911943163
swin_tiny,outputs/swin_tiny_seed456,28618,0,5,0.1930679723685671,0.704391398219741,0.582708740234375,-0.0105167105822053
swin_tiny,outputs/swin_tiny_seed456,22858,0,0,0.6590698556246934,0.6699258816297515,0.9749384880065918,0.0429586118491702
swin_tiny,outputs/swin_tiny_seed456,511,0,0,0.5167669651600022,0.5526529467297223,0.9245543003082276,0.0906301209873566
swin_tiny,outputs/swin_tiny_seed456,29736,0,0,0.7784620398779225,0.8099971110386832,0.9081336617469788,-0.0268438485045905
swin_tiny,outputs/swin_tiny_seed456,33474,0,0,0.7799559896448045,0.8335884050902678,0.925101125240326,0.0356764699050584
swin_tiny,outputs/swin_tiny_seed456,25573,1,0,0.7708255857505719,0.4565547878846701,0.938835906982422,0.0729557450521255
swin_tiny,outputs/swin_tiny_seed456,4312,1,1,0.7391465300087479,0.955358941514442,0.9961624026298525,0.4027327929217514
swin_tiny,outputs/swin_tiny_seed456,24225,1,1,0.5263102767684362,0.7305733908896404,0.739788019657135,0.0190105349508911
swin_tiny,outputs/swin_tiny_seed456,5114,1,1,0.8052553459090177,0.4631510085408994,0.9090725064277648,-0.0891249205585378
swin_tiny,outputs/swin_tiny_seed456,107,1,1,0.1510635315606183,0.4398632153268966,0.9795076012611388,0.1241941537286601
swin_tiny,outputs/swin_tiny_seed456,10443,1,3,0.561115862423776,0.6807613715968728,0.9342937588691712,-0.1156228128230582
swin_tiny,outputs/swin_tiny_seed456,5117,1,1,0.6827472377370327,0.3295332068297743,0.8052094042301178,-0.1170603439858828
swin_tiny,outputs/swin_tiny_seed456,27764,1,1,0.2785317752012961,0.3793009695026743,0.8950159788131714,0.0245470313244377
swin_tiny,outputs/swin_tiny_seed456,31588,1,1,0.7859834584251075,0.7807735507546401,0.7040890693664551,0.0504146922290754
swin_tiny,outputs/swin_tiny_seed456,5131,1,1,0.8360259945610782,0.942324846778229,0.825279849767685,0.0752366191171555
swin_tiny,outputs/swin_tiny_seed456,1761,1,1,0.2387584782219125,0.6363761571132276,0.6474137365818023,0.0417362245997848
swin_tiny,outputs/swin_tiny_seed456,34288,1,2,0.0177912221953189,0.1111844576914062,0.9811905741691588,0.1614526984234102
swin_tiny,outputs/swin_tiny_seed456,26309,1,0,0.7222953665623209,0.2295146843198381,0.888920259475708,0.0430467260855893
swin_tiny,outputs/swin_tiny_seed456,21752,1,1,0.7735787063565116,0.9528565145436918,0.9672463774681092,0.0466471400571506
swin_tiny,outputs/swin_tiny_seed456,20801,1,1,0.1743079164597158,0.7785815447930649,0.9674381375312804,0.2494789205522944
swin_tiny,outputs/swin_tiny_seed456,17666,1,1,0.3361050782122223,0.2955443961159663,0.7776855111122132,-0.0865039574494116
swin_tiny,outputs/swin_tiny_seed456,16706,1,1,0.1325292600865797,0.7910656552402546,0.7802753984928131,0.1205418557813201
swin_tiny,outputs/swin_tiny_seed456,6553,1,1,0.8592404851943343,0.7164896579319251,0.97941232919693,-0.0614874167519207
swin_tiny,outputs/swin_tiny_seed456,18583,1,1,0.0489165627942913,0.943856244760264,0.873324066400528,0.2791399163104499
swin_tiny,outputs/swin_tiny_seed456,20787,1,1,0.2301250225894904,0.37502421857935,0.8675536572933197,0.1209519861680046
swin_tiny,outputs/swin_tiny_seed456,33870,1,0,0.7670609685592353,0.586317214248993,0.9882174491882324,0.1016001367388198
swin_tiny,outputs/swin_tiny_seed456,19563,1,1,0.8137171333764393,0.9133366713348554,0.984607195854187,0.3726134586629721
swin_tiny,outputs/swin_tiny_seed456,2399,2,2,0.717444603041745,0.4076977087448608,0.9083957076072692,-0.0266408663268648
swin_tiny,outputs/swin_tiny_seed456,4407,2,2,0.3408684342314974,0.7547610940031166,0.8404237568378449,0.0575937507315859
swin_tiny,outputs/swin_tiny_seed456,2272,2,2,0.8451065611880431,0.5147633579898692,0.7589269757270813,0.010076304287241
swin_tiny,outputs/swin_tiny_seed456,2489,2,2,0.3698211946200249,0.3974028550341479,0.9384443402290344,-0.0053186732975949
swin_tiny,outputs/swin_tiny_seed456,1496,2,2,0.5911752108779851,0.3593448073946783,0.9158684134483336,0.0415025556948011
swin_tiny,outputs/swin_tiny_seed456,2232,2,2,0.8218623386389137,0.5273089902718365,0.7750626087188721,0.0062975709829499
swin_tiny,outputs/swin_tiny_seed456,2415,2,2,0.7488733052933583,0.4356939053216766,0.827112901210785,-0.0141090396818841
swin_tiny,outputs/swin_tiny_seed456,2382,2,2,0.6579959200101708,0.4226923210766116,0.8569346785545349,-0.0074231264036243
swin_tiny,outputs/swin_tiny_seed456,2510,2,2,0.4310505389311938,0.3973532612285071,0.8318660140037537,-0.0079795825878168
swin_tiny,outputs/swin_tiny_seed456,19664,2,2,0.3894230032747368,0.6729209950043575,0.8957595944404602,-0.0287187374549856
swin_tiny,outputs/swin_tiny_seed456,2740,2,2,0.2953282157698234,0.7220236898528112,0.827777111530304,0.0059134268754699
swin_tiny,outputs/swin_tiny_seed456,4872,2,2,0.4505678970866373,0.3012332194083189,0.7914254188537597,-0.016849722606923
swin_tiny,outputs/swin_tiny_seed456,4574,2,2,0.5109148371533436,0.6105061947019887,0.7887888431549073,-0.0297806286071756
swin_tiny,outputs/swin_tiny_seed456,4029,2,2,0.5192339081416932,0.7141724518470944,0.8155105590820313,-0.0170460765937524
swin_tiny,outputs/swin_tiny_seed456,18720,2,2,0.3397836734271955,0.3709601289213164,0.858037781715393,-0.0278593544328494
swin_tiny,outputs/swin_tiny_seed456,1514,2,2,0.5099043988881995,0.3206866444558347,0.9199740290641784,0.0602829519652606
swin_tiny,outputs/swin_tiny_seed456,1550,2,2,0.4773480211253975,0.345362432105853,0.8305978298187255,-0.0052926993150047
swin_tiny,outputs/swin_tiny_seed456,4564,2,2,0.3732731662908062,0.5566960727479184,0.6963159322738648,-0.0233563693596871
swin_tiny,outputs/swin_tiny_seed456,4498,2,2,0.5209687543856987,0.3299782829627418,0.8116367280483245,-0.0280772620776429
swin_tiny,outputs/swin_tiny_seed456,1557,2,2,0.3336736855121218,0.411383204885686,0.8452927231788635,-0.0459020293891953
swin_tiny,outputs/swin_tiny_seed456,2195,2,2,0.3860007671813292,0.4697929597117731,0.9345557689666748,-0.0358537037584413
swin_tiny,outputs/swin_tiny_seed456,2545,2,2,0.4513539417288026,0.3445858500183316,0.9440697431564332,0.0149838243485849
swin_tiny,outputs/swin_tiny_seed456,12693,3,0,0.6745824794343207,0.4281865160617428,0.7679118096828461,0.1041692837948271
swin_tiny,outputs/swin_tiny_seed456,4750,3,3,0.571446281516728,0.5531749451342876,0.8580140471458435,-0.0326990687355896
swin_tiny,outputs/swin_tiny_seed456,18268,3,3,0.8525286248873272,0.8691292802354837,0.9024465680122375,-0.0804807429864528
swin_tiny,outputs/swin_tiny_seed456,18844,3,1,0.2991138922850727,0.1570545848720943,0.722340589761734,0.0594740737936377
swin_tiny,outputs/swin_tiny_seed456,29937,3,1,0.2281543140752902,0.3556913561241916,0.8194607496261597,-0.1093724139095847
swin_tiny,outputs/swin_tiny_seed456,1367,3,3,0.7752300669676515,0.8293422291212664,0.9945864796638488,0.0765517042031752
swin_tiny,outputs/swin_tiny_seed456,26201,3,3,0.8650712449411913,0.9405488911684188,0.981311297416687,0.1156048961776437
swin_tiny,outputs/swin_tiny_seed456,7843,3,4,0.3149041501315643,0.328329983947853,0.9125415802001952,-0.0365833654202472
swin_tiny,outputs/swin_tiny_seed456,25933,3,3,0.6638842680945345,0.0393992490701293,0.8818735003471374,-0.029817657350774
swin_tiny,outputs/swin_tiny_seed456,7777,3,3,0.5946274862844803,0.9583364581008028,0.95255788564682,0.0729788511952744
swin_tiny,outputs/swin_tiny_seed456,3199,3,3,0.5474049391298195,0.5749232018679322,0.8920545220375061,0.0578149723098313
swin_tiny,outputs/swin_tiny_seed456,1633,3,3,0.9707798478152654,0.1552243950437173,0.9792433619499208,-0.2064266784835981
swin_tiny,outputs/swin_tiny_seed456,5569,3,4,0.3029441580194643,0.3350661578235199,0.7920155882835388,0.0369269884067564
swin_tiny,outputs/swin_tiny_seed456,32022,3,3,0.703480713096269,0.5406432228696758,0.9177120089530943,-0.1705624166208931
swin_tiny,outputs/swin_tiny_seed456,4352,3,3,0.9218578024610906,0.9591265678132004,0.9860527396202088,-0.0658421052504964
swin_tiny,outputs/swin_tiny_seed456,5398,3,3,0.5554446449373245,0.906752802543906,0.9819353222846984,0.1465308288591926
swin_tiny,outputs/swin_tiny_seed456,1836,3,3,0.969297388535324,0.1690861417660016,0.8807581901550293,-0.1484728691829025
swin_tiny,outputs/swin_tiny_seed456,6819,3,3,0.5940454630454042,0.4607091356024284,0.939967930316925,-0.0095195023254652
swin_tiny,outputs/swin_tiny_seed456,30428,3,3,0.3321217722491383,0.8852463622692994,0.9798352599143982,0.0339972549022203
swin_tiny,outputs/swin_tiny_seed456,11121,3,3,0.7091267183882337,0.4803239402650661,0.902765130996704,-0.1090092411375155
swin_tiny,outputs/swin_tiny_seed456,34333,3,3,0.9039791873906324,0.4924128799070786,0.93024080991745,-0.1500751161546658
swin_tiny,outputs/swin_tiny_seed456,11558,3,3,0.9481741676240744,0.5123808436414947,0.9626630663871764,-0.0817929811959948
swin_tiny,outputs/swin_tiny_seed456,15095,4,4,0.316476468740297,0.5026374631806689,0.94408757686615,0.0817975216496731
swin_tiny,outputs/swin_tiny_seed456,5482,4,4,0.5228541351749425,0.4285795687266389,0.9317212224006652,-0.0819101845309337
swin_tiny,outputs/swin_tiny_seed456,27612,4,4,0.4750372048397473,0.4918387647812241,0.7995940446853638,-0.007104374205273
swin_tiny,outputs/swin_tiny_seed456,9711,4,4,0.486836954078833,0.3306694344562565,0.7355003952980042,-0.0246115467877872
swin_tiny,outputs/swin_tiny_seed456,2485,4,4,0.3929657578574339,0.4426798185077052,0.922937786579132,-0.0092636760407668
swin_tiny,outputs/swin_tiny_seed456,25055,4,0,0.3985525290863734,0.2667733886773931,0.938684928417206,0.0753224392940657
swin_tiny,outputs/swin_tiny_seed456,25226,4,0,0.6626842253899667,0.5568239273452491,0.9017583966255188,0.0310526916467454
swin_tiny,outputs/swin_tiny_seed456,2517,4,4,0.5216926730753962,0.4733217644061831,0.9170813441276552,0.0132471389444017
swin_tiny,outputs/swin_tiny_seed456,3986,4,4,0.2844299140273691,0.5629682046089126,0.9610880494117736,0.1401568035352622
swin_tiny,outputs/swin_tiny_seed456,5449,4,3,0.4008940336252635,0.8498955595164261,0.9809146285057068,0.05991262259096
swin_tiny,outputs/swin_tiny_seed456,25650,4,4,0.3603623749563915,0.4424102567183059,0.5472406536340714,-0.0375401949736345
swin_tiny,outputs/swin_tiny_seed456,5353,4,4,0.4573582275922847,0.5205406919717754,0.9579729676246644,0.0998611843443959
swin_tiny,outputs/swin_tiny_seed456,13786,4,4,0.4618879703899576,0.4466611438409851,0.897402822971344,0.0067386224134527
swin_tiny,outputs/swin_tiny_seed456,4322,4,4,0.4959801585357111,0.515204621412835,0.8906879782676697,-0.0036928573470141
swin_tiny,outputs/swin_tiny_seed456,25639,4,0,0.4922066789295058,0.2870939060940145,0.6214374601840973,0.0095868377315726
swin_tiny,outputs/swin_tiny_seed456,25205,4,4,0.2836059257819245,0.6585775770296269,0.9621099948883056,0.0428909110057529
swin_tiny,outputs/swin_tiny_seed456,1831,4,4,0.5519540621360584,0.5053502045845439,0.9894388675689696,0.0430514423777282
swin_tiny,outputs/swin_tiny_seed456,3536,4,4,0.2693294659883669,0.4654420686803013,0.973214280605316,0.0936351144957975
swin_tiny,outputs/swin_tiny_seed456,2096,4,4,0.4076714713846083,0.4909090636911122,0.9565474271774292,0.0406783042647586
swin_tiny,outputs/swin_tiny_seed456,5469,4,4,0.5085184951978778,0.4884512489608266,0.989305603504181,-0.0410958217367174
swin_tiny,outputs/swin_tiny_seed456,5050,4,4,0.6227123783255433,0.3259485743820081,0.9735024929046632,-0.0546824000777094
swin_tiny,outputs/swin_tiny_seed456,25655,4,4,0.5580642692137641,0.3751851505519568,0.9101139068603517,0.0363679290324124
swin_tiny,outputs/swin_tiny_seed456,25122,5,5,0.1744772577023923,0.5211505415004467,0.9932802200317384,0.1071822745078809
swin_tiny,outputs/swin_tiny_seed456,25439,5,5,0.0746636659100836,0.5806486771622303,0.986150562763214,0.0898157825696079
swin_tiny,outputs/swin_tiny_seed456,12884,5,5,0.1625464646526495,0.29353322779383,0.7605884671211243,0.1032717368802668
swin_tiny,outputs/swin_tiny_seed456,29842,5,0,0.728536290836928,0.3065883165745617,0.9021013498306274,0.0617030132827088
swin_tiny,outputs/swin_tiny_seed456,4418,5,5,0.0847334770069778,0.4392293603807502,0.7577810406684875,0.0502459630423235
swin_tiny,outputs/swin_tiny_seed456,3147,5,3,0.8425848516303631,0.3505986053110064,0.9336376547813416,-0.0983807212935116
swin_tiny,outputs/swin_tiny_seed456,10773,5,3,0.3506412725347445,0.9108138554106516,0.9152387857437134,0.1116134303558046
swin_tiny,outputs/swin_tiny_seed456,12766,5,5,0.0728184597088628,0.7513101178153647,0.9505959391593932,0.031774623793543
swin_tiny,outputs/swin_tiny_seed456,30524,5,3,0.9275856255221696,0.2778302538749813,0.9694425582885742,-0.0810878892424047
swin_tiny,outputs/swin_tiny_seed456,1993,5,5,0.3674681659722409,0.8080713886593003,0.6267114281654358,0.0054855475409109
swin_tiny,outputs/swin_tiny_seed456,1632,5,5,0.1400812997499088,0.9167367255959108,0.7671960085630417,0.0651341306253738
swin_tiny,outputs/swin_tiny_seed456,2903,5,5,0.5585723272670293,0.3893463244548911,0.953273034095764,0.018922358733331
swin_tiny,outputs/swin_tiny_seed456,4288,5,5,0.5881139490893474,0.8967133432187211,0.9614325761795044,0.053579055551353
swin_tiny,outputs/swin_tiny_seed456,26488,5,3,0.2247216463727568,0.9651154709822548,0.709821617603302,0.0322624836493051
swin_tiny,outputs/swin_tiny_seed456,2127,5,0,0.5815991992712952,0.4471104387089326,0.9450836062431336,0.0804527124414945
swin_tiny,outputs/swin_tiny_seed456,31012,5,5,0.5100582033756229,0.7120920134721018,0.9178123712539672,0.0586228617769947
swin_tiny,outputs/swin_tiny_seed456,26627,5,5,0.2381689163964893,0.3544246771887174,0.8202999472618103,0.0411826740429847
swin_tiny,outputs/swin_tiny_seed456,19032,5,1,0.8113016786800475,0.1735071963478685,0.7307757258415222,-0.1028159123264631
swin_tiny,outputs/swin_tiny_seed456,1301,5,5,0.179913478649496,0.5010014157603138,0.9212668657302856,0.1061291456326921
swin_tiny,outputs/swin_tiny_seed456,21284,5,5,0.4326005352868378,0.4756571941070433,0.8320979356765748,0.0347126611476043
swin_tiny,outputs/swin_tiny_seed456,2304,5,5,0.6253829213383142,0.5034084437065758,0.5279050707817078,-0.0664320418713134
swin_tiny,outputs/swin_tiny_seed456,32350,5,5,0.1464112828357429,0.2697414248851544,0.8509756326675415,0.0226436320120908
swin_tiny,outputs/swin_tiny_seed456,4090,6,6,0.4433274901618069,0.4923958159294502,0.9870589137077332,0.0950994176359575
swin_tiny,outputs/swin_tiny_seed456,1458,6,6,0.3382822691107305,0.4623703573739842,0.9165223121643068,0.0311070161389939
swin_tiny,outputs/swin_tiny_seed456,9806,6,6,0.2036291808482533,0.5032933772266994,0.8138843774795532,7.624374124036437e-05
swin_tiny,outputs/swin_tiny_seed456,5362,6,6,0.3887544053863299,0.4518951188006208,0.9244420528411864,0.0322740311918641
swin_tiny,outputs/swin_tiny_seed456,20186,6,6,0.6696481061165018,0.5611556366297408,0.95879487991333,0.0097271852650659
swin_tiny,outputs/swin_tiny_seed456,13709,6,6,0.5848518034703343,0.4575677447145856,0.920981812477112,0.0019682215267074
swin_tiny,outputs/swin_tiny_seed456,4101,6,6,0.1842849527768184,0.5650136083168418,0.9886222124099732,0.2961977765691815
swin_tiny,outputs/swin_tiny_seed456,25601,6,8,0.0569673133064718,0.1502582865441223,0.9742048621177674,0.2041689705826034
swin_tiny,outputs/swin_tiny_seed456,4094,6,6,0.4432767736779218,0.5136844812073464,0.9967651247978212,0.2120071170112029
swin_tiny,outputs/swin_tiny_seed456,25595,6,6,0.2990983159892342,0.4116857918387957,0.9770371079444884,0.2213035769334624
swin_tiny,outputs/swin_tiny_seed456,4100,6,1,0.058950406504346,0.5265773046185718,0.9795631647109986,0.0984712035811994
swin_tiny,outputs/swin_tiny_seed456,6861,6,6,0.4026802685410036,0.6995627250293155,0.959197509288788,0.0636301613446907
swin_tiny,outputs/swin_tiny_seed456,4593,6,6,0.0948981901526127,0.3101933338600644,0.9275043845176696,0.2028022620033493
swin_tiny,outputs/swin_tiny_seed456,9904,6,6,0.223921846700881,0.579189946067032,0.9011343836784362,0.1523419820349415
swin_tiny,outputs/swin_tiny_seed456,9906,6,3,0.3855206898529104,0.7118319335472734,0.988892948627472,0.1523828209236433
swin_tiny,outputs/swin_tiny_seed456,18601,6,6,0.3674623060671471,0.5712022168678623,0.953283190727234,-0.0064436495617942
swin_tiny,outputs/swin_tiny_seed456,4584,6,6,0.1989249490092777,0.3850651590043816,0.9940189957618714,0.2764059939701011
swin_tiny,outputs/swin_tiny_seed456,9143,6,6,0.3864220340094697,0.4346051001932931,0.9155036449432372,0.0861916843840538
swin_tiny,outputs/swin_tiny_seed456,7916,6,6,0.2328347033138369,0.5721486198373591,0.990654718875885,0.1886268011250243
swin_tiny,outputs/swin_tiny_seed456,16545,6,6,0.2037801864566186,0.2053003310535972,0.9624326825141908,0.3269680346030629
swin_tiny,outputs/swin_tiny_seed456,3044,6,6,0.4657201993752474,0.7332654555077631,0.896658182144165,0.0911828906057923
swin_tiny,outputs/swin_tiny_seed456,2299,6,6,0.2098954591451842,0.5504529630065131,0.9065407276153564,0.0758796329773781
swin_tiny,outputs/swin_tiny_seed456,4121,7,7,0.2713544321883437,0.5288418949196162,0.908602523803711,-0.0166187863806093
swin_tiny,outputs/swin_tiny_seed456,4150,7,7,0.3164648737607448,0.6268750046994116,0.9858357667922972,0.3054141571545978
swin_tiny,outputs/swin_tiny_seed456,10215,7,7,0.3217654453867862,0.4606297163110485,0.7913616538047791,0.0101764171472441
swin_tiny,outputs/swin_tiny_seed456,4160,7,7,0.2984651055700993,0.4352831220236483,0.9537611246109008,0.1095041384021066
swin_tiny,outputs/swin_tiny_seed456,4109,7,7,0.447743040745882,0.5411093602511902,0.8882830500602722,0.1241684781635753
swin_tiny,outputs/swin_tiny_seed456,10845,7,7,0.1886592594562146,0.2747850118691582,0.8828536629676819,0.092028461716705
swin_tiny,outputs/swin_tiny_seed456,4113,7,7,0.2126231633891285,0.5346187921101144,0.9465131044387818,0.2152021155162727
swin_tiny,outputs/swin_tiny_seed456,4174,7,7,0.3115216618863963,0.4220832157596925,0.956211280822754,0.1113057281747351
swin_tiny,outputs/swin_tiny_seed456,4951,7,7,0.0716364154121236,0.1845309102713601,0.9965854287147522,0.0911348697710363
swin_tiny,outputs/swin_tiny_seed456,4139,7,7,0.6063106482747664,0.57175030111198,0.958318781852722,-0.0123932236555051
swin_tiny,outputs/swin_tiny_seed456,4136,7,7,0.4288333964937108,0.5860179186288421,0.926842474937439,-0.0269953264557875
swin_tiny,outputs/swin_tiny_seed456,4114,7,7,0.4719029317419402,0.492749286712451,0.9449756264686584,-0.1098818731497529
swin_tiny,outputs/swin_tiny_seed456,4087,7,7,0.2429661155560981,0.7032838970969162,0.9928149104118348,0.16327259986522
swin_tiny,outputs/swin_tiny_seed456,4110,7,7,0.4241209104172539,0.4221136171761083,0.9203850150108336,-0.0682662600100086
swin_tiny,outputs/swin_tiny_seed456,1627,7,7,0.1103634228183829,0.3083637616706395,0.9910821199417116,0.1395642438267295
swin_tiny,outputs/swin_tiny_seed456,10935,7,7,0.3713553161189131,0.2035142245337906,0.9449748516082764,0.0013143378293099
swin_tiny,outputs/swin_tiny_seed456,4606,7,7,0.2892151779345874,0.454125920308293,0.8722089052200317,0.1943196810530627
swin_tiny,outputs/swin_tiny_seed456,4164,7,7,0.4685347269396669,0.574743515147432,0.9912666201591492,0.0768981456003484
swin_tiny,outputs/swin_tiny_seed456,26687,7,7,0.2376355252617861,0.4091650344976948,0.8801328063011169,0.0210271421733169
swin_tiny,outputs/swin_tiny_seed456,4169,7,7,0.4762725508990432,0.517871700122253,0.91131991147995,-0.0279629139595653
swin_tiny,outputs/swin_tiny_seed456,4605,7,7,0.3152083859863615,0.6662157043766803,0.9530864119529724,0.1768603934293104
swin_tiny,outputs/swin_tiny_seed456,10918,7,7,0.263062355980749,0.2308019929205078,0.90501127243042,0.0064222378285476
swin_tiny,outputs/swin_tiny_seed456,20030,8,8,0.0298943263928985,0.0464315145598562,0.7835702776908875,0.036651929359142
swin_tiny,outputs/swin_tiny_seed456,29752,8,8,0.2491541910125825,0.1875672285146777,0.9812489032745362,0.1168695223724916
swin_tiny,outputs/swin_tiny_seed456,25340,8,8,0.061717586076389,0.1051597104855157,0.8442856192588806,0.1001691107774055
swin_tiny,outputs/swin_tiny_seed456,994,8,8,0.0769851454556869,0.180650737346822,0.8997533798217774,0.1085208931128322
swin_tiny,outputs/swin_tiny_seed456,25590,8,8,0.1487826589968395,0.2697750482496099,0.9674248456954956,0.1671618746216916
swin_tiny,outputs/swin_tiny_seed456,19770,8,8,0.1910417800475627,0.1481114451144457,0.9482027292251588,-0.0296781192467704
swin_tiny,outputs/swin_tiny_seed456,3534,8,8,0.200621009500085,0.202047342534993,0.937350845336914,-0.0499120709900089
swin_tiny,outputs/swin_tiny_seed456,19860,8,8,0.1227837370917956,0.2377530304149431,0.935341763496399,0.1659722312951823
swin_tiny,outputs/swin_tiny_seed456,25599,8,8,0.1289514773326751,0.2340501736880618,0.9431795120239258,0.2095046339447641
swin_tiny,outputs/swin_tiny_seed456,19849,8,8,0.1938148488377123,0.2025895704151119,0.9766313791275024,0.2399500622976068
swin_tiny,outputs/swin_tiny_seed456,25604,8,8,0.1612066138735057,0.2425238334344959,0.9707389593124388,0.1625659112498683
swin_tiny,outputs/swin_tiny_seed456,3628,8,8,0.2683006811623892,0.1952216408323799,0.9635007619857788,0.2348854537203701
swin_tiny,outputs/swin_tiny_seed456,24624,8,8,0.0541416847083557,0.0849086541816885,0.946538758277893,0.1465132600329138
swin_tiny,outputs/swin_tiny_seed456,19741,8,8,0.1962630123289915,0.3159817182842486,0.9101096391677856,0.1188705682984806
swin_tiny,outputs/swin_tiny_seed456,19783,8,8,0.1600913743513486,0.2699732752114829,0.9730549573898316,0.1671862389442902
swin_tiny,outputs/swin_tiny_seed456,14473,8,8,0.1282338028088465,0.174380008140339,0.9863427758216858,0.2627485756446439
swin_tiny,outputs/swin_tiny_seed456,34331,8,8,0.1299625553230609,0.1893309833979034,0.9141764879226684,0.1123597341546961
swin_tiny,outputs/swin_tiny_seed456,33036,8,8,0.1321282220253481,0.2561386380917588,0.8317078948020935,0.0287675243905949
swin_tiny,outputs/swin_tiny_seed456,25277,8,8,0.1652096381850217,0.1962555117261675,0.9949457287788392,0.1330877296345206
swin_tiny,outputs/swin_tiny_seed456,7807,8,8,0.1961362822989215,0.2953734759365353,0.929856252670288,0.0370846799935081
swin_tiny,outputs/swin_tiny_seed456,25320,8,8,0.1509811283417252,0.1541747833626914,0.93990296125412,0.0773489674839374
swin_tiny,outputs/swin_tiny_seed456,527,8,8,0.2926568137623541,0.2756991222038105,0.915805995464325,-0.0401292166914507
swin_tiny,outputs/swin_tiny_seed7,11598,0,0,0.7602115488698473,0.5923242530952848,0.9177324295043944,0.0519891258159368
swin_tiny,outputs/swin_tiny_seed7,8612,0,0,0.6724816033383831,0.548790326618473,0.7850418210029602,0.0178410022430042
swin_tiny,outputs/swin_tiny_seed7,32384,0,0,0.5588082044341718,0.4337799818684971,0.9155193209648133,0.039730015519954
swin_tiny,outputs/swin_tiny_seed7,22088,0,0,0.3127453283044588,0.4812760741246507,0.9594516277313232,0.0385714471486868
swin_tiny,outputs/swin_tiny_seed7,1258,0,0,0.5484043375136025,0.4131793168132844,0.9480825543403626,0.0597346718151333
swin_tiny,outputs/swin_tiny_seed7,3882,0,0,0.4249998062005033,0.5780769468252345,0.7303719341754913,0.0288471976581542
swin_tiny,outputs/swin_tiny_seed7,26021,0,3,0.6225857467998139,0.1588096591367502,0.9546358227729798,-0.1593644910589349
swin_tiny,outputs/swin_tiny_seed7,28706,0,0,0.66361761942062,0.5188463570286785,0.9636729598045348,0.0624370381093549
swin_tiny,outputs/swin_tiny_seed7,12774,0,0,0.6689909071028524,0.4647653755023384,0.8750365614891052,0.0165454048324332
swin_tiny,outputs/swin_tiny_seed7,20577,0,0,0.5059496893029518,0.4871969873041735,0.9639572858810423,-0.0014638596394122
swin_tiny,outputs/swin_tiny_seed7,20069,0,0,0.6636701131028531,0.5835596941915355,0.92938951253891,0.0327911636813427
swin_tiny,outputs/swin_tiny_seed7,22989,0,0,0.4372302895171742,0.5887803421810531,0.9073089361190796,0.0382785892196685
swin_tiny,outputs/swin_tiny_seed7,19017,0,0,0.6245150606173411,0.5118523869518867,0.7711640954017639,0.0834709505161729
swin_tiny,outputs/swin_tiny_seed7,31697,0,0,0.5989941040315898,0.4457415611302622,0.9703259229660034,0.0529852497876509
swin_tiny,outputs/swin_tiny_seed7,23363,0,0,0.5319462643424231,0.472058387329298,0.8916231036186218,0.0211033256016383
swin_tiny,outputs/swin_tiny_seed7,18777,0,0,0.569799407571054,0.3157042432317212,0.8161069393157959,0.0306333065647482
swin_tiny,outputs/swin_tiny_seed7,11832,0,0,0.5510906322670053,0.6114276844091364,0.4143822908401489,-0.0087135651080061
swin_tiny,outputs/swin_tiny_seed7,28618,0,0,0.7075109510406037,0.5277767096940806,0.7409726798534393,0.0156215458076599
swin_tiny,outputs/swin_tiny_seed7,22858,0,0,0.4970854689299813,0.4182820135969223,0.9567925810813904,0.0538408036112077
swin_tiny,outputs/swin_tiny_seed7,511,0,0,0.3327216789048179,0.3987601527842344,0.7992011189460755,0.0610025600694506
swin_tiny,outputs/swin_tiny_seed7,29736,0,0,0.6204319244970975,0.5268594484696223,0.8367682218551635,0.0174269344189914
swin_tiny,outputs/swin_tiny_seed7,33474,0,0,0.6975155732870917,0.5236641723731736,0.9203409194946288,0.0430627533255523
swin_tiny,outputs/swin_tiny_seed7,25573,1,0,0.5493264913930034,0.2498672517259592,0.967012083530426,0.0346967449029723
swin_tiny,outputs/swin_tiny_seed7,4312,1,1,0.3181085251196505,0.9633618181892274,0.9983888864517212,0.3900725785588044
swin_tiny,outputs/swin_tiny_seed7,24225,1,1,0.7101842962251652,0.1863883942775563,0.8521106719970704,-0.0542592863750257
swin_tiny,outputs/swin_tiny_seed7,5114,1,1,0.6787016718109609,0.7314423624006707,0.8995625019073487,0.0465915856696869
swin_tiny,outputs/swin_tiny_seed7,107,1,1,0.1266510399806719,0.636324772141009,0.5198929190635682,0.0919844232644793
swin_tiny,outputs/swin_tiny_seed7,10443,1,5,0.6444414013240021,0.5540304250462214,0.8692189455032349,-0.0442629724661398
swin_tiny,outputs/swin_tiny_seed7,5117,1,1,0.7044463392679265,0.7286666374708517,0.6968763709068299,-0.0586962013647478
swin_tiny,outputs/swin_tiny_seed7,27764,1,1,0.0831776290962054,0.5263727336072037,0.7471304774284363,-0.0087941648933345
swin_tiny,outputs/swin_tiny_seed7,31588,1,1,0.8829220790853327,0.270871283915298,0.884126877784729,-0.0321759621301816
swin_tiny,outputs/swin_tiny_seed7,5131,1,1,0.3630893438385101,0.9491785389459296,0.9079545855522156,0.0579455782541098
swin_tiny,outputs/swin_tiny_seed7,1761,1,1,0.1446860781903689,0.699660317157285,0.6270963370800018,0.063532821499517
swin_tiny,outputs/swin_tiny_seed7,34288,1,2,0.0167019449444523,0.2774281045018019,0.9567123055458068,0.1591541300449526
swin_tiny,outputs/swin_tiny_seed7,26309,1,0,0.283752133107555,0.442310150889341,0.9325308203697203,0.070167347151929
swin_tiny,outputs/swin_tiny_seed7,21752,1,2,0.4273739570478891,0.0567403838909663,0.6557094991207123,0.0449241900099048
swin_tiny,outputs/swin_tiny_seed7,20801,1,1,0.4233270366861958,0.7729683246568158,0.8862531423568726,0.2700179392770523
swin_tiny,outputs/swin_tiny_seed7,17666,1,0,0.0886476371667868,0.3429429392531347,0.8180331230163574,0.0148149460341499
swin_tiny,outputs/swin_tiny_seed7,16706,1,1,0.9158672182152116,0.1307385961904259,0.9105024576187134,-0.1301767364050804
swin_tiny,outputs/swin_tiny_seed7,6553,1,2,0.1189001171978023,0.2572855951014956,0.9811097145080566,0.1093766570399455
swin_tiny,outputs/swin_tiny_seed7,18583,1,1,0.750026743987334,0.2259421213327215,0.9196479439735412,-0.1559312424098035
swin_tiny,outputs/swin_tiny_seed7,20787,1,1,0.2169872849476704,0.6607374144406215,0.9853721618652344,0.0679036128675224
swin_tiny,outputs/swin_tiny_seed7,33870,1,0,0.5182907377457013,0.5204333553811011,0.9285533785820008,0.095787454200604
swin_tiny,outputs/swin_tiny_seed7,19563,1,1,0.223558788700581,0.917882806700149,0.7881139755249024,0.51536056267971
swin_tiny,outputs/swin_tiny_seed7,2399,2,2,0.7294115831379591,0.5912011807595676,0.8061420112848282,0.0233002974099248
swin_tiny,outputs/swin_tiny_seed7,4407,2,2,0.0724612862284641,0.6176481747226163,0.7913477897644043,0.0665789964002379
swin_tiny,outputs/swin_tiny_seed7,2272,2,2,0.8361595155878931,0.4540892098341111,0.7657204747200013,-0.0108346773371844
swin_tiny,outputs/swin_tiny_seed7,2489,2,2,0.6920436192053088,0.4801414407505828,0.9694350957870485,0.0252097279703373
swin_tiny,outputs/swin_tiny_seed7,1496,2,2,0.4885832677658932,0.7387528918231605,0.926746666431427,0.0396792049629056
swin_tiny,outputs/swin_tiny_seed7,2232,2,2,0.8240058326802373,0.5540694215392201,0.8609602212905884,0.008493776804644
swin_tiny,outputs/swin_tiny_seed7,2415,2,2,0.8673767697522963,0.399491206151001,0.7037561893463135,0.015465028320708
swin_tiny,outputs/swin_tiny_seed7,2382,2,2,0.6944016032133762,0.8109627116320426,0.6146275460720062,0.0111698909545639
swin_tiny,outputs/swin_tiny_seed7,2510,2,2,0.5374645880440965,0.4462570604637554,0.9090276002883912,0.0252271699923071
swin_tiny,outputs/swin_tiny_seed7,19664,2,2,0.4868203584644672,0.654468689067648,0.9081589341163636,0.0403840745379994
swin_tiny,outputs/swin_tiny_seed7,2740,2,2,0.813609881158611,0.5136084884551715,0.7792830228805542,0.0370403048572555
swin_tiny,outputs/swin_tiny_seed7,4872,2,2,0.5716107919083,0.4820547141676354,0.8896604657173157,0.0403264256298405
swin_tiny,outputs/swin_tiny_seed7,4574,2,2,0.7066566902674638,0.5748617483480516,0.7127279877662659,0.0550588569445101
swin_tiny,outputs/swin_tiny_seed7,4029,2,2,0.6774361240024467,0.4946378728443954,0.878276014328003,-0.0146596193341788
swin_tiny,outputs/swin_tiny_seed7,18720,2,2,0.4149384582040269,0.5910468116577969,0.8451711297035217,-0.0123452411839811
swin_tiny,outputs/swin_tiny_seed7,1514,2,2,0.6303024769479646,0.5303022133826927,0.9481382131576538,-0.0068131493911929
swin_tiny,outputs/swin_tiny_seed7,1550,2,2,0.5221794964589495,0.6952742673551158,0.7434672713279724,0.036551182502423
swin_tiny,outputs/swin_tiny_seed7,4564,2,2,0.5293483340390628,0.4182577676228365,0.8437146782875061,0.0239595021248067
swin_tiny,outputs/swin_tiny_seed7,4498,2,2,0.6915450630976339,0.4757268616543499,0.8406145334243774,0.0404294600063658
swin_tiny,outputs/swin_tiny_seed7,1557,2,2,0.3648446290122475,0.381366823097919,0.7970147252082824,-0.0008088803813307
swin_tiny,outputs/swin_tiny_seed7,2195,2,2,0.7023774373283009,0.6353143434900723,0.8643937349319458,0.0145590804530813
swin_tiny,outputs/swin_tiny_seed7,2545,2,2,0.5679653626194949,0.6196796627677501,0.8765764832496643,0.0188999382553396
swin_tiny,outputs/swin_tiny_seed7,12693,3,0,0.6805427546278224,0.0951908847598588,0.6739213526248932,0.1190377737915796
swin_tiny,outputs/swin_tiny_seed7,4750,3,3,0.668122044923166,0.0898859502585764,0.9368241310119628,-0.0566550965550484
swin_tiny,outputs/swin_tiny_seed7,18268,3,3,0.5983028399709838,0.4436472858465095,0.8010388612747192,-0.0609860443466236
swin_tiny,outputs/swin_tiny_seed7,18844,3,3,0.6202335746070275,0.1374273961710059,0.7336052060127258,-0.1515004626330486
swin_tiny,outputs/swin_tiny_seed7,29937,3,3,0.264460917697761,0.880789361371626,0.990600049495697,0.2035875456513909
swin_tiny,outputs/swin_tiny_seed7,1367,3,3,0.7862807601404711,0.6716468502427233,0.9783576011657716,-0.0675267657010646
swin_tiny,outputs/swin_tiny_seed7,26201,3,3,0.8583231281313601,0.2495029281440111,0.8830436587333679,-0.2502294406594889
swin_tiny,outputs/swin_tiny_seed7,7843,3,0,0.4595484366509481,0.3017517461537693,0.9909106492996216,0.092894084679038
swin_tiny,outputs/swin_tiny_seed7,25933,3,0,0.390685375292378,0.3266406438649483,0.9300085186958312,0.0547344679653927
swin_tiny,outputs/swin_tiny_seed7,7777,3,3,0.7688592540243917,0.7998460238609368,0.9513572692871094,-0.0925786700372982
swin_tiny,outputs/swin_tiny_seed7,3199,3,3,0.4941577376971509,0.1556349036148958,0.9385976433753968,-0.0711711698499119
swin_tiny,outputs/swin_tiny_seed7,1633,3,3,0.9197046219073854,0.1327448177707992,0.9362770795822144,-0.2168919186628813
swin_tiny,outputs/swin_tiny_seed7,5569,3,4,0.1358848178866925,0.2267124524974848,0.6923657417297363,-0.0241303158150706
swin_tiny,outputs/swin_tiny_seed7,32022,3,3,0.2733316454882697,0.9683037293302732,0.8502118945121765,-0.043941689990942
swin_tiny,outputs/swin_tiny_seed7,4352,3,3,0.8484485630384597,0.8643055977149743,0.9923388600349426,0.0717596870687656
swin_tiny,outputs/swin_tiny_seed7,5398,3,3,0.4179007655343412,0.5359809030601355,0.9234428763389588,-0.0882250567388899
swin_tiny,outputs/swin_tiny_seed7,1836,3,3,0.9659378634692076,0.4731402030679419,0.8660730421543121,-0.0727324526269949
swin_tiny,outputs/swin_tiny_seed7,6819,3,5,0.6959390605188673,0.8534180818969617,0.94949312210083,0.0231724866386352
swin_tiny,outputs/swin_tiny_seed7,30428,3,3,0.8420701651893978,0.1636485833064398,0.9543316125869752,-0.0852122253073877
swin_tiny,outputs/swin_tiny_seed7,11121,3,3,0.675164488178325,0.2220429843038118,0.8868395209312439,-0.1206657796605531
swin_tiny,outputs/swin_tiny_seed7,34333,3,3,0.7903119035049713,0.2563950992966965,0.988707995414734,-0.1920962489252026
swin_tiny,outputs/swin_tiny_seed7,11558,3,3,0.7882802554545378,0.1292948060709022,0.9727390170097352,-0.0951615880852225
swin_tiny,outputs/swin_tiny_seed7,15095,4,4,0.2749105197998442,0.4530416994426982,0.867161750793457,0.0124793977743409
swin_tiny,outputs/swin_tiny_seed7,5482,4,4,0.3686209435368868,0.5288220403109101,0.981234872341156,0.0430621805101768
swin_tiny,outputs/swin_tiny_seed7,27612,4,4,0.51319735561896,0.4657133035605785,0.8540976405143738,-0.0201745385069122
swin_tiny,outputs/swin_tiny_seed7,9711,4,0,0.2848695192305968,0.3405452288731112,0.8589130997657776,0.0225974869544661
swin_tiny,outputs/swin_tiny_seed7,2485,4,4,0.4182657983486022,0.4239451736767559,0.7106714129447937,-0.0302576907985907
swin_tiny,outputs/swin_tiny_seed7,25055,4,0,0.4418855449621333,0.1716272577068593,0.9845826506614686,0.0796518608523338
swin_tiny,outputs/swin_tiny_seed7,25226,4,0,0.417435447081516,0.5398431263311068,0.9304310202598572,0.024430398169454
swin_tiny,outputs/swin_tiny_seed7,2517,4,4,0.4645879799832775,0.5147028768558655,0.8897363781929016,0.0190699556592381
swin_tiny,outputs/swin_tiny_seed7,3986,4,4,0.3333607685322555,0.2950411362166378,0.9956702947616576,-0.0618787663770867
swin_tiny,outputs/swin_tiny_seed7,5449,4,4,0.3143469187208332,0.6199337101324831,0.868514883518219,0.0159385735897715
swin_tiny,outputs/swin_tiny_seed7,25650,4,0,0.2943852548723953,0.2519269284966867,0.923504877090454,0.0334716865844699
swin_tiny,outputs/swin_tiny_seed7,5353,4,4,0.4234543852212518,0.5460964795164678,0.944372057914734,0.0330236914437441
swin_tiny,outputs/swin_tiny_seed7,13786,4,4,0.2831341991176899,0.2662851481128632,0.8728590130805969,-0.0359974575788916
swin_tiny,outputs/swin_tiny_seed7,4322,4,4,0.4956822738892121,0.5213733642913159,0.758711302280426,-0.0037388039942453
swin_tiny,outputs/swin_tiny_seed7,25639,4,1,0.1780633507891016,0.4598622373901335,0.7799957633018494,-0.002758663614431
swin_tiny,outputs/swin_tiny_seed7,25205,4,4,0.4059049081558776,0.4600644540314906,0.8657339930534362,0.0419950762695204
swin_tiny,outputs/swin_tiny_seed7,1831,4,4,0.3704130616494665,0.6309553396581258,0.979659938812256,0.0830304056466261
swin_tiny,outputs/swin_tiny_seed7,3536,4,4,0.3769783550328438,0.3211640610971376,0.9358974695205688,-0.0528903709328662
swin_tiny,outputs/swin_tiny_seed7,2096,4,4,0.3226157232038833,0.6256941578830801,0.9672162413597108,0.0864106061139304
swin_tiny,outputs/swin_tiny_seed7,5469,4,4,0.5221299756277737,0.4732512065910352,0.9786113142967224,-0.0037130442122745
swin_tiny,outputs/swin_tiny_seed7,5050,4,4,0.3254138754920967,0.6629814684981765,0.9612092971801758,0.0041243433482518
swin_tiny,outputs/swin_tiny_seed7,25655,4,4,0.5343337302755451,0.3661774693263835,0.8387976288795471,-0.0454409112698637
swin_tiny,outputs/swin_tiny_seed7,25122,5,5,0.7833012295741355,0.7405334821651195,0.8026589393615723,0.0385382780811958
swin_tiny,outputs/swin_tiny_seed7,25439,5,5,0.4960221610672306,0.8437180355263081,0.9886134386062622,0.0861841162285855
swin_tiny,outputs/swin_tiny_seed7,12884,5,5,0.7448198283382226,0.7902781346492702,0.9426830530166626,0.0741188257394446
swin_tiny,outputs/swin_tiny_seed7,29842,5,0,0.761962378397584,0.1447092857554253,0.6172431647777558,0.0488635798349271
swin_tiny,outputs/swin_tiny_seed7,4418,5,5,0.2087021665483917,0.8400931068317732,0.4727222621440887,0.0501181204294866
swin_tiny,outputs/swin_tiny_seed7,3147,5,5,0.7359987107774941,0.6673818570845924,0.8344797253608703,0.1100280784691327
swin_tiny,outputs/swin_tiny_seed7,10773,5,5,0.6208710423306911,0.4567660168199836,0.9767597317695618,0.1162358176871833
swin_tiny,outputs/swin_tiny_seed7,12766,5,1,0.035178208486954,0.8074452863279333,0.8912141919136047,-0.0071281007005831
swin_tiny,outputs/swin_tiny_seed7,30524,5,3,0.762661308890074,0.291175686751103,0.9822958827018736,-0.0817819615069902
swin_tiny,outputs/swin_tiny_seed7,1993,5,5,0.6282263480970869,0.936325344024226,0.9023944973945618,0.0577004578064318
swin_tiny,outputs/swin_tiny_seed7,1632,5,5,0.8528638630814385,0.847684162115911,0.8704275965690613,-0.0564459713129798
swin_tiny,outputs/swin_tiny_seed7,2903,5,0,0.2363449160709478,0.5290091356182529,0.8365840315818787,0.0341231779302919
swin_tiny,outputs/swin_tiny_seed7,4288,5,5,0.7201430885761511,0.9591364863154012,0.8659942448139191,0.0418477216363222
swin_tiny,outputs/swin_tiny_seed7,26488,5,5,0.3526623830912285,0.7944409090596309,0.9894088625907898,0.0615358842379423
swin_tiny,outputs/swin_tiny_seed7,2127,5,0,0.4992250774812419,0.5201084695672762,0.9013946056365968,0.0584338552530059
swin_tiny,outputs/swin_tiny_seed7,31012,5,5,0.8316530776501168,0.2339401245062617,0.8942663788795471,0.0560268096018059
swin_tiny,outputs/swin_tiny_seed7,26627,5,5,0.4185226787326996,0.6658309857621134,0.6500004738569259,0.0365505491213473
swin_tiny,outputs/swin_tiny_seed7,19032,5,0,0.3245402138577447,0.2065527257348094,0.8733545184135437,0.0646997240772385
swin_tiny,outputs/swin_tiny_seed7,1301,5,0,0.0948385805204452,0.3750998334789983,0.768960440158844,0.0117908817653007
swin_tiny,outputs/swin_tiny_seed7,21284,5,5,0.5133560635149479,0.2294452487049056,0.8884425401687622,-0.0652313603901021
swin_tiny,outputs/swin_tiny_seed7,2304,5,5,0.7904005719465204,0.6904317258449737,0.9113488316535948,-0.0733462672252086
swin_tiny,outputs/swin_tiny_seed7,32350,5,5,0.2327398757861374,0.7640884511492914,0.9408510327339172,0.0581476529013163
swin_tiny,outputs/swin_tiny_seed7,4090,6,6,0.4016002144968355,0.4135913585345838,0.865701162815094,-0.0662141330037216
swin_tiny,outputs/swin_tiny_seed7,1458,6,6,0.180117081396992,0.2245896358351525,0.8661831498146058,-0.0338832838277428
swin_tiny,outputs/swin_tiny_seed7,9806,6,3,0.1602706922653851,0.2176399055892943,0.7941664636135102,-0.0126562307022713
swin_tiny,outputs/swin_tiny_seed7,5362,6,6,0.2943536480175169,0.3257419940091518,0.9181597590446472,0.051191223499494
swin_tiny,outputs/swin_tiny_seed7,20186,6,6,0.5087567153588629,0.5036823330709218,0.8629508495330811,0.0611218255393846
swin_tiny,outputs/swin_tiny_seed7,13709,6,5,0.5196390577757484,0.418709958808904,0.7791505336761475,0.0327389013881189
swin_tiny,outputs/swin_tiny_seed7,4101,6,6,0.0769832100715104,0.4327322822145182,0.9748002409934996,0.2621805966328758
swin_tiny,outputs/swin_tiny_seed7,25601,6,1,0.0595766246869402,0.9547780847264988,0.6121711611747742,0.1646803279592111
swin_tiny,outputs/swin_tiny_seed7,4094,6,6,0.2985315479599563,0.4459975335795653,0.9901489377021788,0.2092199768255446
swin_tiny,outputs/swin_tiny_seed7,25595,6,6,0.0964686601193109,0.185990813723465,0.985913622379303,0.2304001995360241
swin_tiny,outputs/swin_tiny_seed7,4100,6,3,0.250053130409924,0.742842493646549,0.8330742955207825,-0.0753675368715732
swin_tiny,outputs/swin_tiny_seed7,6861,6,6,0.0744770528695376,0.2219044008058276,0.9289265632629394,0.0709328582048665
swin_tiny,outputs/swin_tiny_seed7,4593,6,6,0.1310400149122549,0.4185400837151279,0.991875159740448,0.2617849003515599
swin_tiny,outputs/swin_tiny_seed7,9904,6,6,0.0433614135124338,0.1580263038360742,0.8620299220085144,0.0831598758599322
swin_tiny,outputs/swin_tiny_seed7,9906,6,4,0.3385173981245031,0.4444663239955559,0.855962586402893,-0.1258091388966163
swin_tiny,outputs/swin_tiny_seed7,18601,6,6,0.4287360448281042,0.3779539773364692,0.9780260562896728,0.0526549261805665
swin_tiny,outputs/swin_tiny_seed7,4584,6,6,0.1667972825346893,0.4290048451002294,0.9835651516914368,0.2758325862845169
swin_tiny,outputs/swin_tiny_seed7,9143,6,6,0.3596218459107241,0.3930333058779746,0.9474778175354004,0.1319354345122111
swin_tiny,outputs/swin_tiny_seed7,7916,6,6,0.1664809170576976,0.422842786443344,0.9652210235595704,0.2053205551684332
swin_tiny,outputs/swin_tiny_seed7,16545,6,6,0.1090815436258952,0.1077107615459568,0.9678680181503296,0.3441710219205024
swin_tiny,outputs/swin_tiny_seed7,3044,6,6,0.5340458799267532,0.548661789195991,0.9100556135177612,0.0272432011671341
swin_tiny,outputs/swin_tiny_seed7,2299,6,6,0.160710048089905,0.5522424628178261,0.8829352617263794,0.1028158260935672
swin_tiny,outputs/swin_tiny_seed7,4121,7,7,0.1345896826048264,0.5751601487703267,0.9811044335365297,0.0921938908830339
swin_tiny,outputs/swin_tiny_seed7,4150,7,7,0.2495786395203887,0.7098568690608256,0.9750545382499696,0.3013900912764212
swin_tiny,outputs/swin_tiny_seed7,10215,7,3,0.5268472817817837,0.2174227513121422,0.9645556330680848,-0.0102666497106175
swin_tiny,outputs/swin_tiny_seed7,4160,7,7,0.2270788503378504,0.484106699829409,0.992305052280426,0.1345166994328007
swin_tiny,outputs/swin_tiny_seed7,4109,7,7,0.3732551894041023,0.3319141074812126,0.8685540795326233,-0.3309673360515502
swin_tiny,outputs/swin_tiny_seed7,10845,7,3,0.8019928913122385,0.4830743841821459,0.9658211231231688,-0.1128286712808818
swin_tiny,outputs/swin_tiny_seed7,4113,7,7,0.3235281899222029,0.4884043537270064,0.9905348777770996,0.1650563942137004
swin_tiny,outputs/swin_tiny_seed7,4174,7,7,0.2224920826131726,0.3329025944537391,0.9934308767318726,0.2620271120403329
swin_tiny,outputs/swin_tiny_seed7,4951,7,3,0.6209151385423866,0.1354828292995762,0.9427207350730896,-0.083739723172045
swin_tiny,outputs/swin_tiny_seed7,4139,7,7,0.2777956273951532,0.5716650872468771,0.9562377095222472,0.0232112533069812
swin_tiny,outputs/swin_tiny_seed7,4136,7,7,0.3946309052381303,0.4644178943209691,0.8804011940956116,0.0306898590507773
swin_tiny,outputs/swin_tiny_seed7,4114,7,7,0.5383000093331916,0.4142616896675191,0.9981760740280152,0.063232155492571
swin_tiny,outputs/swin_tiny_seed7,4087,7,7,0.222337876874652,0.7225351814174577,0.9854653000831604,0.1631985869006393
swin_tiny,outputs/swin_tiny_seed7,4110,7,7,0.500696553773466,0.2575516471276335,0.857850706577301,0.2101914047723894
swin_tiny,outputs/swin_tiny_seed7,1627,7,3,0.7937863777316352,0.2728970565644886,0.9751394033432008,-0.1167948720677922
swin_tiny,outputs/swin_tiny_seed7,10935,7,7,0.2637524332690119,0.3719849233503521,0.8096275806427002,0.0048473113627652
swin_tiny,outputs/swin_tiny_seed7,4606,7,7,0.2114824447805565,0.4387491269351535,0.7611471772193908,0.0074870849624104
swin_tiny,outputs/swin_tiny_seed7,4164,7,7,0.3492365231200827,0.6089311162145349,0.9956750988960266,0.0848372955160316
swin_tiny,outputs/swin_tiny_seed7,26687,7,7,0.1047039546803208,0.0626822415504575,0.9291646599769592,0.0272149675085599
swin_tiny,outputs/swin_tiny_seed7,4169,7,7,0.5029192754244964,0.614779300749858,0.9622636914253236,0.0392206514487918
swin_tiny,outputs/swin_tiny_seed7,4605,7,7,0.2291002222493503,0.7178850904356134,0.9419371604919432,0.1466588379027479
swin_tiny,outputs/swin_tiny_seed7,10918,7,7,0.4177327303631287,0.4655250081165211,0.9839650630950928,-0.034089060350709
swin_tiny,outputs/swin_tiny_seed7,20030,8,6,0.2114528046431152,0.3352932265240672,0.889055585861206,-0.026222768367863
swin_tiny,outputs/swin_tiny_seed7,29752,8,8,0.2789998637065469,0.2404498544999533,0.957083785533905,-0.1545238809349877
swin_tiny,outputs/swin_tiny_seed7,25340,8,8,0.0752275540730602,0.1405044637347097,0.8814622402191162,0.1742829383085831
swin_tiny,outputs/swin_tiny_seed7,994,8,8,0.0268689889111581,0.1403138727217913,0.8951260924339295,0.0652170110759493
swin_tiny,outputs/swin_tiny_seed7,25590,8,8,0.1236630171882346,0.2013372868167127,0.9494020581245424,0.1899253255013591
swin_tiny,outputs/swin_tiny_seed7,19770,8,8,0.3180890491442373,0.2237051199475968,0.9745072960853576,-0.0212399214279015
swin_tiny,outputs/swin_tiny_seed7,3534,8,8,0.3235349922462123,0.2241711834178935,0.9353907227516174,-0.0525845795060475
swin_tiny,outputs/swin_tiny_seed7,19860,8,8,0.0938619654540002,0.1600988006924708,0.9358427286148072,0.195842119007654
swin_tiny,outputs/swin_tiny_seed7,25599,8,8,0.1805424745298807,0.1319004379920954,0.9684449672698976,0.2398420714083657
swin_tiny,outputs/swin_tiny_seed7,19849,8,8,0.1664627948146584,0.1598359978834755,0.9586866021156312,0.1837967632822246
swin_tiny,outputs/swin_tiny_seed7,25604,8,8,0.124911203736805,0.1313979791669844,0.935151481628418,0.1246865582431197
swin_tiny,outputs/swin_tiny_seed7,3628,8,8,0.324768171646945,0.1325903827983207,0.9482316732406616,0.2132377673154017
swin_tiny,outputs/swin_tiny_seed7,24624,8,8,0.0760992030635491,0.1210363161921241,0.8781521201133728,0.1204846678650052
swin_tiny,outputs/swin_tiny_seed7,19741,8,8,0.2617098368108041,0.1864676455935695,0.8973120093345642,-0.0371040259127378
swin_tiny,outputs/swin_tiny_seed7,19783,8,8,0.218507389898953,0.1419740559527792,0.9650798678398133,0.1166980970990239
swin_tiny,outputs/swin_tiny_seed7,14473,8,8,0.0689023687937653,0.0579590204342836,0.9465121746063232,0.2802175890647776
swin_tiny,outputs/swin_tiny_seed7,34331,8,8,0.1851148578944626,0.2066266410290898,0.9351717352867126,0.0242328872123814
swin_tiny,outputs/swin_tiny_seed7,33036,8,8,0.1599202659624838,0.1887871536092147,0.8440607786178589,0.0549018702000972
swin_tiny,outputs/swin_tiny_seed7,25277,8,8,0.1526251869867088,0.1814303955579668,0.989618158340454,0.1060354128060657
swin_tiny,outputs/swin_tiny_seed7,7807,8,8,0.3661254869735181,0.2276323725963442,0.94208242893219,-0.0638652549491208
swin_tiny,outputs/swin_tiny_seed7,25320,8,8,0.2029686031880206,0.2234723544712165,0.9348950266838074,-0.0632537583241616
swin_tiny,outputs/swin_tiny_seed7,527,8,8,0.3199033443062923,0.1824896027829555,0.9307508707046508,-0.0542687507394973
