family,sample_idx,true_label,pred_label,deletion_auc,insertion_auc
resnet18_cbam,11598,0,0,0.6122051644842941,0.9719483799035515
resnet18_cbam,8612,0,0,0.19986789887587975,0.9479678147381492
resnet18_cbam,32384,0,0,0.25761443207181856,0.9714573378932982
resnet18_cbam,22088,0,0,0.23953274641645805,0.959885070731616
resnet18_cbam,1258,0,0,0.14744302925379316,0.9135646804843418
resnet18_cbam,3882,0,2,0.014038295659980922,0.8454447323622745
resnet18_cbam,26021,0,3,0.02677502485232708,0.9707511136894027
resnet18_cbam,28706,0,0,0.5220766906622885,0.9721715451942146
resnet18_cbam,12774,0,0,0.6740627658009544,0.9718492927986517
resnet18_cbam,20577,0,0,0.6251316978617751,0.9718220381673746
resnet18_cbam,20069,0,0,0.3411239600436602,0.9722412031751446
resnet18_cbam,22989,0,0,0.24480694996890406,0.9211703123837651
resnet18_cbam,19017,0,0,0.16068259167494148,0.9672261981377233
resnet18_cbam,31697,0,0,0.32953706031281627,0.9695543807083595
resnet18_cbam,23363,0,0,0.23140866433645613,0.9542290297013096
resnet18_cbam,18777,0,0,0.14643558675743407,0.859597156187192
resnet18_cbam,11832,0,0,0.0719291948882983,0.9608222266160737
resnet18_cbam,28618,0,0,0.38982021630349095,0.9720727208095923
resnet18_cbam,22858,0,0,0.24753840714654984,0.8889332063499751
resnet18_cbam,511,0,0,0.21181674503168324,0.8986952977738838
resnet18_cbam,29736,0,0,0.2943803469599402,0.9231546988467016
resnet18_cbam,33474,0,0,0.6388680556872259,0.9716983993330359
resnet18_cbam,25573,1,1,0.02459873343021224,0.9683526918738607
resnet18_cbam,4312,1,1,0.05251763537747589,0.9713648852407459
resnet18_cbam,24225,1,1,0.026680251316459902,0.970573396617965
resnet18_cbam,5114,1,1,0.026044039117051554,0.9696834353885606
resnet18_cbam,107,1,3,0.021523635374244066,0.9686063855715474
resnet18_cbam,10443,1,3,0.04613043989890642,0.9416912185788533
resnet18_cbam,5117,1,1,0.031240457867383498,0.9709868589629878
resnet18_cbam,27764,1,1,0.026895449787886605,0.9676362581299145
resnet18_cbam,31588,1,1,0.026194998347442322,0.9688969636840739
resnet18_cbam,5131,1,1,0.04951502001934216,0.9707749223666724
resnet18_cbam,1761,1,1,0.025072661203284774,0.9617907111746717
resnet18_cbam,34288,1,1,0.04882777292218066,0.9709919679075938
resnet18_cbam,26309,1,1,0.0231603600398671,0.9527786145258688
resnet18_cbam,21752,1,1,0.041585017176117844,0.9698763448027421
resnet18_cbam,20801,1,1,0.024915788495736058,0.9712482240788631
resnet18_cbam,17666,1,1,0.04729034761261275,0.9276666719447348
resnet18_cbam,16706,1,1,0.026573438961211338,0.9700422682431054
resnet18_cbam,6553,1,1,0.05289607962185272,0.9684078675850287
resnet18_cbam,18583,1,1,0.025927202421932805,0.9713205834773362
resnet18_cbam,20787,1,1,0.02458983554361538,0.971222658575698
resnet18_cbam,33870,1,0,0.11168140569719753,0.8527449424509541
resnet18_cbam,19563,1,1,0.06668698755035685,0.9713723423406009
resnet18_cbam,2399,2,2,0.14133720155689078,0.9250914724800978
resnet18_cbam,4407,2,2,0.10884509453918945,0.9709152212128984
resnet18_cbam,2272,2,2,0.17582337620172694,0.9231958985513202
resnet18_cbam,2489,2,2,0.12801578532286115,0.9200170722392969
resnet18_cbam,1496,2,2,0.10426652557413263,0.8878362503838062
resnet18_cbam,2232,2,2,0.18839285318710888,0.936530996881892
resnet18_cbam,2415,2,2,0.12465585865807435,0.961740061360878
resnet18_cbam,2382,2,2,0.16959531990374543,0.9261485824356797
resnet18_cbam,2510,2,2,0.11963129145929985,0.9202262173051068
resnet18_cbam,19664,2,2,0.0792440571013221,0.8727574401391749
resnet18_cbam,2740,2,2,0.1434803528727504,0.9446682186792614
resnet18_cbam,4872,2,2,0.08328220211774381,0.8838030367635739
resnet18_cbam,4574,2,2,0.07818459040771586,0.9608856623638431
resnet18_cbam,4029,2,2,0.14169353774106241,0.919879621677218
resnet18_cbam,18720,2,2,0.11358341043580886,0.9181716111018332
resnet18_cbam,1514,2,2,0.1323733683947218,0.8822869333717946
resnet18_cbam,1550,2,2,0.12588408867988532,0.9205067510242841
resnet18_cbam,4564,2,2,0.13837356937622047,0.9221576060283851
resnet18_cbam,4498,2,2,0.11747854648942735,0.9214269377992323
resnet18_cbam,1557,2,2,0.07559045676456444,0.8663948035963145
resnet18_cbam,2195,2,2,0.12798652290707252,0.8510925769976794
resnet18_cbam,2545,2,2,0.15262380952188587,0.9292554293172444
resnet18_cbam,12693,3,3,0.03713848340135684,0.9406565712070005
resnet18_cbam,4750,3,3,0.029600911300093458,0.9716594326837367
resnet18_cbam,18268,3,1,0.019954216051338847,0.9372623682934318
resnet18_cbam,18844,3,3,0.03873375615227914,0.9706772610898042
resnet18_cbam,29937,3,1,0.013829241501397416,0.9609959244476158
resnet18_cbam,1367,3,3,0.21647137419677165,0.972119494481376
resnet18_cbam,26201,3,1,0.017318842303130126,0.9689289146258488
resnet18_cbam,7843,3,0,0.057085534494490275,0.9682941530973039
resnet18_cbam,25933,3,1,0.024211914160531478,0.9501573786178596
resnet18_cbam,7777,3,3,0.1577634480836423,0.9722334512571251
resnet18_cbam,3199,3,3,0.031879752931843086,0.9720614303314505
resnet18_cbam,1633,3,3,0.05440940612641043,0.972170855553486
resnet18_cbam,5569,3,4,0.02044416885285094,0.9588405597605458
resnet18_cbam,32022,3,3,0.4533850540065032,0.9721042878754815
resnet18_cbam,4352,3,3,0.09547577881159386,0.9224668545388113
resnet18_cbam,5398,3,3,0.08559569801512623,0.9715976236566348
resnet18_cbam,1836,3,3,0.21250561012311664,0.971994984365665
resnet18_cbam,6819,3,3,0.05799245014554799,0.9687751662804658
resnet18_cbam,30428,3,3,0.027915457566990654,0.9711009962429671
resnet18_cbam,11121,3,3,0.06128586019844562,0.9718353394946462
resnet18_cbam,34333,3,3,0.15967875977776202,0.9663710397380783
resnet18_cbam,11558,3,3,0.06718297135357432,0.9713192885919852
resnet18_cbam,15095,4,4,0.024967212367506875,0.9703918078157301
resnet18_cbam,5482,4,4,0.02534195376484405,0.9711957808467275
resnet18_cbam,27612,4,4,0.024909976755795427,0.9711841350653856
resnet18_cbam,9711,4,4,0.014024082064892696,0.9438622652087076
resnet18_cbam,2485,4,4,0.024027019339814215,0.9696601778559568
resnet18_cbam,25055,4,4,0.022198212051737443,0.9388768154603611
resnet18_cbam,25226,4,0,0.04345255038413143,0.9710694143341243
resnet18_cbam,2517,4,4,0.025056175486980692,0.971178263192968
resnet18_cbam,3986,4,4,0.024905938595409724,0.9711875949578541
resnet18_cbam,5449,4,3,0.07028171587194265,0.971597838879461
resnet18_cbam,25650,4,4,0.02325796063089758,0.9634516034275009
resnet18_cbam,5353,4,4,0.02511091615973271,0.9711958847474023
resnet18_cbam,13786,4,4,0.015794154527588145,0.9593756155809103
resnet18_cbam,4322,4,4,0.024559205673603035,0.9680422736564367
resnet18_cbam,25639,4,0,0.06349950321788356,0.8727267920930899
resnet18_cbam,25205,4,4,0.024968517164044357,0.9707944244146063
resnet18_cbam,1831,4,4,0.02491874215148504,0.9711958847474023
resnet18_cbam,3536,4,4,0.025216063342909795,0.9711878368979967
resnet18_cbam,2096,4,4,0.0251966090411182,0.9711558622074961
resnet18_cbam,5469,4,4,0.02517088022383618,0.9711958847474023
resnet18_cbam,5050,4,4,0.02522394985334875,0.9711958847474023
resnet18_cbam,25655,4,4,0.024845568213090807,0.9709465973428166
resnet18_cbam,25122,5,5,0.04738005717592131,0.9931767281668726
resnet18_cbam,25439,5,5,0.12111511911188844,0.9178606630739523
resnet18_cbam,12884,5,5,0.0642606490485842,0.9924176224158145
resnet18_cbam,29842,5,0,0.07277273259902017,0.9633964207514509
resnet18_cbam,4418,5,5,0.047294786925668575,0.9927323123265523
resnet18_cbam,3147,5,5,0.04736817070173771,0.970562936301576
resnet18_cbam,10773,5,5,0.014203297995244668,0.8604985227203485
resnet18_cbam,12766,5,3,0.026888531416943806,0.9677209603487427
resnet18_cbam,30524,5,5,0.04485112388251977,0.9379627773064385
resnet18_cbam,1993,5,5,0.1508535546894052,0.993209793814458
resnet18_cbam,1632,5,5,0.10360885957379651,0.9672668165294454
resnet18_cbam,2903,5,5,0.05452997633665291,0.9931304790079594
resnet18_cbam,4288,5,5,0.13835973028722037,0.9933547901746351
resnet18_cbam,26488,5,5,0.0473746972833915,0.9930505957163405
resnet18_cbam,2127,5,5,0.027221483872672536,0.9917286451673135
resnet18_cbam,31012,5,5,0.06360816626295218,0.9931787646200974
resnet18_cbam,26627,5,5,0.047432832584007656,0.9444857056150795
resnet18_cbam,19032,5,1,0.022804313864146053,0.9615330493757028
resnet18_cbam,1301,5,5,0.02711935354961925,0.983071888826089
resnet18_cbam,21284,5,5,0.0445783831841311,0.9910991258220747
resnet18_cbam,2304,5,5,0.11735384555595374,0.9931695441773627
resnet18_cbam,32350,5,5,0.026337010929837312,0.9346572528302204
resnet18_cbam,4090,6,6,0.024904046861682183,0.504712223285221
resnet18_cbam,1458,6,6,0.07472307105496986,0.692551534855897
resnet18_cbam,9806,6,6,0.026541892837603664,0.6099369302780584
resnet18_cbam,5362,6,6,0.037680992517616474,0.7386443432417218
resnet18_cbam,20186,6,6,0.18254576269072942,0.7729307615145871
resnet18_cbam,13709,6,6,0.056956842249986234,0.6089176740291596
resnet18_cbam,4101,6,1,0.019232520512073137,0.9707376665533047
resnet18_cbam,25601,6,6,0.05580332047880074,0.47320633374503257
resnet18_cbam,4094,6,6,0.07591138408692077,0.7717202064295066
resnet18_cbam,25595,6,6,0.017654820421019818,0.05849341099157143
resnet18_cbam,4100,6,6,0.024942349343932912,0.6596016544776835
resnet18_cbam,6861,6,6,0.07358091799873859,0.5162945487414792
resnet18_cbam,4593,6,6,0.027421621315630862,0.3774597766474752
resnet18_cbam,9904,6,6,0.015056727463491626,0.6524445440240321
resnet18_cbam,9906,6,4,0.024074672685718834,0.9711223675985536
resnet18_cbam,18601,6,6,0.07503130647327495,0.5268308064685927
resnet18_cbam,4584,6,6,0.07570701238285804,0.6853651360815576
resnet18_cbam,9143,6,6,0.12472865763476182,0.7533527518439733
resnet18_cbam,7916,6,6,0.07214160605391018,0.7747523612908118
resnet18_cbam,16545,6,6,0.02372482290881266,0.5596609937013
resnet18_cbam,3044,6,6,0.12990882727117584,0.61326299681037
resnet18_cbam,2299,6,6,0.0761586193853594,0.566789300045274
resnet18_cbam,4121,7,7,0.024915373680351238,0.9710076314423617
resnet18_cbam,4150,7,7,0.024922422221436633,0.9214238437634634
resnet18_cbam,10215,7,3,0.13028841872792896,0.969903643383077
resnet18_cbam,4160,7,7,0.024910800422515922,0.9213365170911277
resnet18_cbam,4109,7,7,0.024928531946538823,0.9213853888520296
resnet18_cbam,10845,7,7,0.02352925537190309,0.9238660427309782
resnet18_cbam,4113,7,7,0.02490348934640932,0.9214456684712644
resnet18_cbam,4174,7,7,0.0248988706824681,0.9217516656236597
resnet18_cbam,4951,7,7,0.024811659735932908,0.9092566626387821
resnet18_cbam,4139,7,7,0.02491874903151882,0.9711880772284616
resnet18_cbam,4136,7,7,0.024903558343069235,0.9214317344891896
resnet18_cbam,4114,7,7,0.07480837072289226,0.921378962760043
resnet18_cbam,4087,7,7,0.024913515367386507,0.9709801304180559
resnet18_cbam,4110,7,7,0.024902679150048235,0.9401742186074529
resnet18_cbam,1627,7,7,0.024848974905187546,0.9708252649780746
resnet18_cbam,10935,7,7,0.02268030732642151,0.9345073258938186
resnet18_cbam,4606,7,7,0.02490216135460359,0.9215661451013233
resnet18_cbam,4164,7,7,0.07472297262833179,0.9711363050065387
resnet18_cbam,26687,7,7,0.014560123277542303,0.8492070823613105
resnet18_cbam,4169,7,7,0.03242178193822044,0.9710784560794394
resnet18_cbam,4605,7,7,0.024904527947131223,0.9282900134186178
resnet18_cbam,10918,7,7,0.024921471785938842,0.9452541942210786
resnet18_cbam,20030,8,6,0.11866865754601143,0.6521208911785179
resnet18_cbam,29752,8,8,0.15180599400801673,0.6226641812053088
resnet18_cbam,25340,8,8,0.02491861140287862,0.2180978779000345
resnet18_cbam,994,8,6,0.1748419958948857,0.41861697522898
resnet18_cbam,25590,8,8,0.02570707379930382,0.4014590648266311
resnet18_cbam,19770,8,8,0.12452654937948998,0.5179916017315964
resnet18_cbam,3534,8,8,0.12463178993956338,0.5180792998356698
resnet18_cbam,19860,8,6,0.10706097346974214,0.6009307407561337
resnet18_cbam,25599,8,8,0.07469529533635734,0.5223716521396253
resnet18_cbam,19849,8,8,0.02492065547651374,0.43445250051950407
resnet18_cbam,25604,8,8,0.024902880973144335,0.29374064287785734
resnet18_cbam,3628,8,8,0.02490254482777616,0.4070840829648067
resnet18_cbam,24624,8,8,0.02488224717988994,0.13063605792038702
resnet18_cbam,19741,8,8,0.13918384603607967,0.5998119177991476
resnet18_cbam,19783,8,8,0.12653253662585526,0.41975032500573095
resnet18_cbam,14473,8,8,0.024915222518458374,0.3643281153275758
resnet18_cbam,34331,8,8,0.07478468154562806,0.36459543201188116
resnet18_cbam,33036,8,8,0.07467850589550425,0.38064297084876597
resnet18_cbam,25277,8,8,0.027133249082855148,0.27708279283582343
resnet18_cbam,7807,8,8,0.09336024157322706,0.4736337086319155
resnet18_cbam,25320,8,8,0.07959638239238447,0.37894711527232283
resnet18_cbam,527,8,8,0.12472813055049968,0.6274052975847013
densenet121,11598,0,0,0.7110945122149133,0.9730405248883471
densenet121,8612,0,0,0.3271049032382507,0.904192182544648
densenet121,32384,0,0,0.5584349668642972,0.970393135696213
densenet121,22088,0,0,0.3350460323297284,0.9730091468845785
densenet121,1258,0,0,0.12305022553546507,0.936390917038807
densenet121,3882,0,2,0.013619023000821903,0.6595917620783924
densenet121,26021,0,3,0.034474858238956047,0.9641242693992353
densenet121,28706,0,0,0.711640258301486,0.9698800919759378
densenet121,12774,0,0,0.2749688152616727,0.9701909212344617
densenet121,20577,0,0,0.9611574117698183,0.9729383281846822
densenet121,20069,0,0,0.2935681789922455,0.8993626153496734
densenet121,22989,0,0,0.24021518218436455,0.8992093618544459
densenet121,19017,0,0,0.3381743903385086,0.9049724513788533
densenet121,31697,0,0,0.2138002999442392,0.9678117234325327
densenet121,23363,0,0,0.2772596764178701,0.9415467535036441
densenet121,18777,0,0,0.20806987622285433,0.8343805350214097
densenet121,11832,0,5,0.03763601669775818,0.9643461270025
densenet121,28618,0,0,0.4260900565605539,0.9723661813077342
densenet121,22858,0,0,0.4762532158167687,0.9650340754487843
densenet121,511,0,0,0.26928914383188385,0.8397897734503204
densenet121,29736,0,0,0.34107973301104266,0.9167654161901737
densenet121,33474,0,0,0.5962885858907612,0.9718473503198766
densenet121,25573,1,1,0.017606402209887483,0.9339489191016312
densenet121,4312,1,1,0.037165460940402184,0.9707345566831194
densenet121,24225,1,1,0.02462430351221201,0.9578131897261031
densenet121,5114,1,1,0.024620783580824812,0.9675101343137342
densenet121,107,1,3,0.2128080645234829,0.9359561997930541
densenet121,10443,1,1,0.012292068355799213,0.95967288712297
densenet121,5117,1,1,0.02475531951127108,0.9647327802204657
densenet121,27764,1,1,0.024655498345469682,0.9521167788307778
densenet121,31588,1,1,0.020862791238253298,0.7687093039977029
densenet121,5131,1,1,0.0279177606267349,0.9638915380174424
densenet121,1761,1,1,0.02391351297003506,0.9343517717034686
densenet121,34288,1,1,0.49064381557175807,0.9698193312625065
densenet121,26309,1,1,0.06604979910532549,0.9436179663580972
densenet121,21752,1,2,0.03383524373452873,0.7495232798203768
densenet121,20801,1,1,0.024626552897475396,0.9700351878828499
densenet121,17666,1,1,0.041265096742602786,0.8350503360389396
densenet121,16706,1,1,0.025460479218085308,0.964969206205815
densenet121,6553,1,1,0.07676068124409774,0.8528785311037339
densenet121,18583,1,1,0.024949345189438768,0.97089954501741
densenet121,20787,1,1,0.02065173870981872,0.9586548415946439
densenet121,33870,1,1,0.021771928992468187,0.8933834655154627
densenet121,19563,1,1,0.0744736950641669,0.9711643833844121
densenet121,2399,2,2,0.14793836373142688,0.9025313791004772
densenet121,4407,2,2,0.06343452923785119,0.9299894921261365
densenet121,2272,2,2,0.1575173255876188,0.9063727702397808
densenet121,2489,2,2,0.15011858416230756,0.9208141420987739
densenet121,1496,2,2,0.1272347302572153,0.8803462474194783
densenet121,2232,2,2,0.18496482700239128,0.8980154714137678
densenet121,2415,2,2,0.15717164358824728,0.9205297379591537
densenet121,2382,2,2,0.14499018467455227,0.9195314230298062
densenet121,2510,2,2,0.1235486475874833,0.8925665339749538
densenet121,19664,2,2,0.12163778303370607,0.9157571241277618
densenet121,2740,2,2,0.1569440062575303,0.9214584979501377
densenet121,4872,2,2,0.13279361198163922,0.881360838505483
densenet121,4574,2,2,0.10923042503638071,0.9165979809242197
densenet121,4029,2,2,0.1510412549906797,0.8864171268989447
densenet121,18720,2,2,0.08608806407933416,0.8847905736640167
densenet121,1514,2,2,0.11527857580964106,0.874013544001482
densenet121,1550,2,2,0.12972948773146376,0.9073049317950643
densenet121,4564,2,2,0.12035881195315686,0.9063075660030189
densenet121,4498,2,2,0.13931627226033164,0.8976773913274736
densenet121,1557,2,2,0.10123396214452661,0.8967903171452998
densenet121,2195,2,2,0.12724765976474992,0.86720924857951
densenet121,2545,2,2,0.09305441670946316,0.8990919710906236
densenet121,12693,3,0,0.11563063710360666,0.9453201024334703
densenet121,4750,3,3,0.026219963851026762,0.9708266926404576
densenet121,18268,3,3,0.028312145662653165,0.9652809867052383
densenet121,18844,3,3,0.10663020618063968,0.9648794640320375
densenet121,29937,3,3,0.04274513314015849,0.9707287840660683
densenet121,1367,3,3,0.8187368578722634,0.9635061672538541
densenet121,26201,3,3,0.03594846578016586,0.9703321877691451
densenet121,7843,3,0,0.07632467246253327,0.8204435030675086
densenet121,25933,3,1,0.021004785937975255,0.7858222761324853
densenet121,7777,3,3,0.20688686107428111,0.9706266482185129
densenet121,3199,3,3,0.027205842396142543,0.9696291334635134
densenet121,1633,3,3,0.057031909029078065,0.9712416927154663
densenet121,5569,3,4,0.02133465284424857,0.8108471248749938
densenet121,32022,3,3,0.9334115371748339,0.9709353608718629
densenet121,4352,3,3,0.12768843721341305,0.9711909402044512
densenet121,5398,3,3,0.9093700787925627,0.9291714605001289
densenet121,1836,3,3,0.055603317943223374,0.9704715809143636
densenet121,6819,3,3,0.125251889925039,0.9648065109154231
densenet121,30428,3,3,0.02544809689306815,0.9691583238832209
densenet121,11121,3,3,0.02719988067430044,0.9705676311509706
densenet121,34333,3,1,0.012455385249113604,0.37741076239860405
densenet121,11558,3,3,0.12742158417484006,0.9609517394796967
densenet121,15095,4,4,0.024393416116615708,0.9591506019685712
densenet121,5482,4,4,0.025222055816844884,0.9708447253258727
densenet121,27612,4,4,0.02489486306276754,0.971090339099459
densenet121,9711,4,0,0.023410461851489206,0.764238254759448
densenet121,2485,4,4,0.02482970617491073,0.9707193008842241
densenet121,25055,4,4,0.022307801859063725,0.8746927447253201
densenet121,25226,4,0,0.04621623576093725,0.904976273439388
densenet121,2517,4,4,0.02489859208630535,0.9710778457854703
densenet121,3986,4,4,0.024612030090212643,0.9698233475544784
densenet121,5449,4,3,0.31449721469107317,0.9658591850543417
densenet121,25650,4,4,0.022652615129555298,0.9558935636930928
densenet121,5353,4,4,0.024910173714527625,0.9711642525551669
densenet121,13786,4,4,0.024687671921528778,0.9663997624345884
densenet121,4322,4,4,0.02488824810304455,0.969642239772651
densenet121,25639,4,0,0.10534221316459025,0.8004581389386658
densenet121,25205,4,4,0.024820392525196286,0.9701632630647454
densenet121,1831,4,4,0.025062362172994707,0.9711837265102021
densenet121,3536,4,4,0.024766623417590162,0.9694972478653598
densenet121,2096,4,4,0.025229171401261484,0.968837634431833
densenet121,5469,4,4,0.0255712557382054,0.9710443007104859
densenet121,5050,4,4,0.025011783970640553,0.9711427243353628
densenet121,25655,4,4,0.02473868071756799,0.9689214407160707
densenet121,25122,5,5,0.02854470594858106,0.9941862048581243
densenet121,25439,5,5,0.04758825148935784,0.9779904185270425
densenet121,12884,5,5,0.04795584454083175,0.9940833060827572
densenet121,29842,5,0,0.10394341571389987,0.9565559718648728
densenet121,4418,5,5,0.045885676090783534,0.9939967093232553
densenet121,3147,5,5,0.07563240554682182,0.9929802920669317
densenet121,10773,5,5,0.0407690674311425,0.9584116262267344
densenet121,12766,5,5,0.025365338716806907,0.6682307078087888
densenet121,30524,5,3,0.0944281809261156,0.9606960799951594
densenet121,1993,5,5,0.2898768927692572,0.9941858961246908
densenet121,1632,5,5,0.05224669760832512,0.9941686486126855
densenet121,2903,5,5,0.057977805165977614,0.9941840348183177
densenet121,4288,5,5,0.0633184146054715,0.9941617703880183
densenet121,26488,5,5,0.04787136160945196,0.9927013588312548
densenet121,2127,5,5,0.029044302892323088,0.9941050450725015
densenet121,31012,5,5,0.04248975696451751,0.9818012147443369
densenet121,26627,5,5,0.04645690531361317,0.9936165738618001
densenet121,19032,5,1,0.02226922895021899,0.7852287297983551
densenet121,1301,5,5,0.028642384817607308,0.9159256044767972
densenet121,21284,5,3,0.24113996781545666,0.9326012143515072
densenet121,2304,5,5,0.1617449108071014,0.994168734701816
densenet121,32350,5,5,0.025047892392802473,0.900282096616138
densenet121,4090,6,6,0.025139494878896346,0.672080035888895
densenet121,1458,6,6,0.10857543383899615,0.6608669513205714
densenet121,9806,6,6,0.024477111474032694,0.42624265033839337
densenet121,5362,6,6,0.10970029899168146,0.6745022253077464
densenet121,20186,6,6,0.2678281576124177,0.6385517278843642
densenet121,13709,6,6,0.15602064661055534,0.583767767679886
densenet121,4101,6,6,0.0267980435579645,0.6530401843131417
densenet121,25601,6,8,0.03286775168802187,0.03916698836259285
densenet121,4094,6,6,0.10011793303166691,0.7029670776647718
densenet121,25595,6,6,0.06874995851447574,0.6400175524691256
densenet121,4100,6,6,0.0659696433198859,0.6389845848347073
densenet121,6861,6,6,0.03612759140627571,0.4382687547014952
densenet121,4593,6,6,0.09057614212975793,0.7017175196851932
densenet121,9904,6,6,0.02624903887651514,0.41584267937892316
densenet121,9906,6,4,0.01311167562392224,0.9609140057043932
densenet121,18601,6,6,0.17909068837905462,0.5529333364883494
densenet121,4584,6,6,0.14118728219323767,0.6176827590692768
densenet121,9143,6,6,0.18893169189724754,0.6452678054931511
densenet121,7916,6,6,0.09548440785231949,0.7403646750022281
densenet121,16545,6,1,0.01879997730514585,0.9104653642980978
densenet121,3044,6,6,0.4298379782332472,0.7281372789765881
densenet121,2299,6,6,0.04636794031567368,0.5776439316701374
densenet121,4121,7,7,0.02509640192611136,0.9496227987692691
densenet121,4150,7,7,0.02668005786544173,0.9213835100248853
densenet121,10215,7,3,0.2689366184440587,0.9689853040267735
densenet121,4160,7,7,0.02492180190303043,0.9213859059426872
densenet121,4109,7,7,0.024903938587376863,0.9673723083687946
densenet121,10845,7,3,0.9352767531818245,0.9695521564221963
densenet121,4113,7,7,0.025079207593688438,0.9226680444135127
densenet121,4174,7,7,0.02493249987375847,0.9150557839302663
densenet121,4951,7,3,0.2375095656020676,0.9703271471021253
densenet121,4139,7,7,0.024981826763235515,0.970492887950968
densenet121,4136,7,7,0.024906157270692564,0.931849026135751
densenet121,4114,7,7,0.13563743988917532,0.921401574727355
densenet121,4087,7,7,0.024965071665782445,0.9215135724405172
densenet121,4110,7,7,0.024903819694753356,0.9341814664076082
densenet121,1627,7,7,0.023376057915981328,0.9697531448327936
densenet121,10935,7,7,0.024839492714266092,0.9550221546669491
densenet121,4606,7,7,0.024902972367261886,0.9711881467374042
densenet121,4164,7,7,0.025919746885196274,0.9710684472229332
densenet121,26687,7,0,0.0724670663357756,0.565871762115421
densenet121,4169,7,7,0.2041606706851276,0.967318600625731
densenet121,4605,7,7,0.024918436985263116,0.9711910203332081
densenet121,10918,7,7,0.025335622737607102,0.9595243490184657
densenet121,20030,8,6,0.2429553116801474,0.6694835581031156
densenet121,29752,8,8,0.17310596113424287,0.46110184674533533
densenet121,25340,8,8,0.024634937951749907,0.11329842729900308
densenet121,994,8,8,0.018796882881827938,0.07547045978812714
densenet121,25590,8,8,0.08950020250193373,0.14748793885336747
densenet121,19770,8,8,0.22175491424388769,0.3730724333013308
densenet121,3534,8,8,0.22758983683827305,0.3854235198295405
densenet121,19860,8,8,0.11460602642093203,0.10789538153643885
densenet121,25599,8,8,0.1422830833471586,0.4595624948914458
densenet121,19849,8,8,0.10223808598448275,0.14735971109626445
densenet121,25604,8,8,0.07218947082226945,0.3687379032139696
densenet121,3628,8,8,0.16859116419797143,0.38447341409804836
densenet121,24624,8,8,0.025250870525047514,0.20887791566828007
densenet121,19741,8,8,0.22150901303354997,0.349923682512107
densenet121,19783,8,8,0.17627150428802563,0.36903340061385514
densenet121,14473,8,8,0.07441519576533391,0.1058068233911645
densenet121,34331,8,8,0.10027845844460272,0.3022822493182196
densenet121,33036,8,8,0.05320589246767068,0.19965782382504155
densenet121,25277,8,8,0.029657542456122437,0.17268954773565096
densenet121,7807,8,8,0.22559441226967275,0.29208009871481394
densenet121,25320,8,8,0.09453103448987259,0.3495858314069493
densenet121,527,8,8,0.22078492817434883,0.3684765671859156
vit_tiny,11598,0,0,0.4164989179407712,0.9651402064628201
vit_tiny,8612,0,0,0.16293169496225346,0.8723263927531661
vit_tiny,32384,0,0,0.2596310467440617,0.9568604537198553
vit_tiny,22088,0,0,0.14549940510994475,0.9516068096127128
vit_tiny,1258,0,0,0.0972749909680033,0.9672915218834532
vit_tiny,3882,0,2,0.022370497757439267,0.9628134035898306
vit_tiny,26021,0,3,0.057778404469900124,0.9537553768604994
vit_tiny,28706,0,0,0.3276854222367547,0.9656777677737409
vit_tiny,12774,0,0,0.2505204694641634,0.9588938285160111
vit_tiny,20577,0,0,0.47107647589291446,0.9593736566748703
vit_tiny,20069,0,0,0.20952181911889056,0.9156205778854201
vit_tiny,22989,0,0,0.13824502943305106,0.891939592504059
vit_tiny,19017,0,0,0.2052489223315206,0.9560180344706168
vit_tiny,31697,0,0,0.19424772426282289,0.9661912879528245
vit_tiny,23363,0,0,0.3627523840009417,0.9602715796645498
vit_tiny,18777,0,0,0.10165656633625986,0.9565860668808455
vit_tiny,11832,0,0,0.31284025441345875,0.9616026333969785
vit_tiny,28618,0,0,0.2699600090822969,0.9601807467261096
vit_tiny,22858,0,0,0.3076540271114254,0.9403600721707335
vit_tiny,511,0,3,0.0224450638372673,0.8650853617727989
vit_tiny,29736,0,0,0.404939425552584,0.9635193277354119
vit_tiny,33474,0,0,0.7245025122683728,0.9683559130498907
vit_tiny,25573,1,0,0.06244648030144617,0.9503476655372651
vit_tiny,4312,1,1,0.033356046102454684,0.9672254301163434
vit_tiny,24225,1,1,0.0251175300515456,0.9674288290457866
vit_tiny,5114,1,2,0.021458316334610927,0.7419562635517245
vit_tiny,107,1,0,0.12137350824667692,0.9651969599799486
vit_tiny,10443,1,3,0.027932804510840015,0.5172672596036136
vit_tiny,5117,1,1,0.024879921313271325,0.867095107523312
vit_tiny,27764,1,1,0.022927353511533966,0.9587986356542046
vit_tiny,31588,1,1,0.027461685636154698,0.9274010124696019
vit_tiny,5131,1,2,0.025939489781244163,0.9166529386874167
vit_tiny,1761,1,1,0.024127047693696113,0.9462004324500981
vit_tiny,34288,1,2,0.027040562492938847,0.8034164620308779
vit_tiny,26309,1,1,0.013840423042438488,0.9082363074026603
vit_tiny,21752,1,2,0.026864031991522097,0.8837522644658797
vit_tiny,20801,1,1,0.026706022085967618,0.9670657644651897
vit_tiny,17666,1,0,0.10682019732303161,0.9529786102211801
vit_tiny,16706,1,1,0.024688032620304057,0.9578186177728298
vit_tiny,6553,1,1,0.11120248544730771,0.5374022080118834
vit_tiny,18583,1,1,0.024951415566860646,0.964340426018282
vit_tiny,20787,1,1,0.025498849241444077,0.9583828103109795
vit_tiny,33870,1,0,0.5786976660601795,0.9658693769451929
vit_tiny,19563,1,1,0.07505264023712499,0.9665497150468241
vit_tiny,2399,2,2,0.18058000545878272,0.9654418412988939
vit_tiny,4407,2,2,0.08310754955111577,0.936617814078641
vit_tiny,2272,2,2,0.1871658889827259,0.9375169289574892
vit_tiny,2489,2,2,0.1271072218581608,0.9248458587258988
vit_tiny,1496,2,2,0.15733124484203564,0.9383018866807156
vit_tiny,2232,2,2,0.17255838558777015,0.9273236018649236
vit_tiny,2415,2,2,0.07627725238718952,0.9559528925034151
vit_tiny,2382,2,2,0.12719298204763874,0.9408236065224678
vit_tiny,2510,2,2,0.12034238962486299,0.9253075528773529
vit_tiny,19664,2,2,0.14923344044531106,0.9503377556844548
vit_tiny,2740,2,2,0.14800917519058032,0.9309739583710375
vit_tiny,4872,2,2,0.1337365838029676,0.9344286550636802
vit_tiny,4574,2,2,0.10399066702801463,0.9580661550440759
vit_tiny,4029,2,2,0.22373140586046958,0.9589215544561789
vit_tiny,18720,2,2,0.09202743326622986,0.8806983013231324
vit_tiny,1514,2,2,0.17177805564197968,0.940378037384658
vit_tiny,1550,2,2,0.10899866819042003,0.9301889991635157
vit_tiny,4564,2,2,0.0912432671981449,0.9588313389846057
vit_tiny,4498,2,2,0.1119405028500875,0.9228142500556764
vit_tiny,1557,2,2,0.11085043923684168,0.923230214366054
vit_tiny,2195,2,2,0.16594290367891062,0.9221770787040491
vit_tiny,2545,2,2,0.15560331014242834,0.9276897025716657
vit_tiny,12693,3,0,0.1699910984834787,0.9647528335772222
vit_tiny,4750,3,3,0.040781079340604265,0.984947177261347
vit_tiny,18268,3,3,0.024366489367139366,0.9739160975441337
vit_tiny,18844,3,3,0.029258395981287322,0.8939754928287584
vit_tiny,29937,3,3,0.024739823938034533,0.9850263480911963
vit_tiny,1367,3,3,0.24217734717785788,0.9854353367700242
vit_tiny,26201,3,3,0.03072446104511073,0.9797959391435143
vit_tiny,7843,3,3,0.06324110056129939,0.8229180766793434
vit_tiny,25933,3,0,0.14842767095001363,0.9518899315298768
vit_tiny,7777,3,3,0.06094064163607982,0.9805407941748854
vit_tiny,3199,3,3,0.05421674228773554,0.984855143527966
vit_tiny,1633,3,3,0.05565402958973209,0.9860079333884642
vit_tiny,5569,3,4,0.022634078230332477,0.8390993470729597
vit_tiny,32022,3,3,0.08791772155655053,0.9846070034836885
vit_tiny,4352,3,3,0.08494626466404043,0.8267114535542532
vit_tiny,5398,3,1,0.024117811903217046,0.9664228834931805
vit_tiny,1836,3,0,0.019208566730981147,0.9162614164670231
vit_tiny,6819,3,3,0.04431383022074442,0.9603605713346042
vit_tiny,30428,3,3,0.024557801018545433,0.7501113331090892
vit_tiny,11121,3,3,0.041312895790724724,0.9578742059238721
vit_tiny,34333,3,3,0.08340089177454502,0.9819387985335197
vit_tiny,11558,3,1,0.022278788757333245,0.9365296173978663
vit_tiny,15095,4,4,0.024965960302591128,0.9663182008716547
vit_tiny,5482,4,4,0.025042453749538396,0.9704724556122244
vit_tiny,27612,4,4,0.02495851770487434,0.964922207733224
vit_tiny,9711,4,4,0.02169788312154175,0.9627231187823497
vit_tiny,2485,4,4,0.024555338118858572,0.9653632586759784
vit_tiny,25055,4,0,0.09022613400884438,0.9435259865858825
vit_tiny,25226,4,0,0.102566954374538,0.9555530878569698
vit_tiny,2517,4,4,0.025204658614939035,0.9660112560140703
vit_tiny,3986,4,4,0.02495858739808554,0.9656440621238005
vit_tiny,5449,4,4,0.02320081091784232,0.9689496279515595
vit_tiny,25650,4,4,0.021253681844974892,0.9661907206809417
vit_tiny,5353,4,4,0.025108779506425094,0.9703297510040727
vit_tiny,13786,4,4,0.02514809153795383,0.9688298942982954
vit_tiny,4322,4,4,0.02508000540750288,0.9694774374420092
vit_tiny,25639,4,1,0.025937442130214095,0.9577889556144896
vit_tiny,25205,4,4,0.023708592828484143,0.9647934807344143
vit_tiny,1831,4,4,0.024970028296117164,0.9701551073285088
vit_tiny,3536,4,4,0.024984832430217097,0.967242734308428
vit_tiny,2096,4,4,0.024945428122517654,0.9674848525664572
vit_tiny,5469,4,4,0.025490402241246102,0.9704555583939225
vit_tiny,5050,4,4,0.025085019037589973,0.9704721394573141
vit_tiny,25655,4,4,0.024710249151638664,0.9656861923631084
vit_tiny,25122,5,3,0.05415708574400924,0.9370542235847097
vit_tiny,25439,5,3,0.019812784992154775,0.9092120473505929
vit_tiny,12884,5,5,0.03239386450695747,0.8790673477451492
vit_tiny,29842,5,0,0.17756891483873005,0.9627279029373312
vit_tiny,4418,5,0,0.039632296265835976,0.9130655667831888
vit_tiny,3147,5,3,0.0541781773722505,0.9834568497317377
vit_tiny,10773,5,5,0.020800160316866823,0.7547839803152101
vit_tiny,12766,5,1,0.025870948153851714,0.9594189004179157
vit_tiny,30524,5,3,0.12202705114123091,0.9814866643573623
vit_tiny,1993,5,5,0.16661434534034925,0.9510756955241959
vit_tiny,1632,5,5,0.15551607732413686,0.9521418396434456
vit_tiny,2903,5,0,0.07580501563825237,0.9503542409656802
vit_tiny,4288,5,5,0.04172592594488833,0.9307306016089569
vit_tiny,26488,5,0,0.07639406200632948,0.9620092768891482
vit_tiny,2127,5,0,0.09436811543582735,0.9539610667998204
vit_tiny,31012,5,3,0.1233618255150759,0.9819692859600764
vit_tiny,26627,5,3,0.040508387833597226,0.9108328845177311
vit_tiny,19032,5,0,0.032440885313917533,0.9341418898984557
vit_tiny,1301,5,0,0.04532516718631996,0.9641220050834818
vit_tiny,21284,5,5,0.0275176198410918,0.9571504236191686
vit_tiny,2304,5,5,0.2687825407010678,0.9449829139448411
vit_tiny,32350,5,0,0.0755532176408451,0.9589371179899899
vit_tiny,4090,6,6,0.024916911833214428,0.4825020920471843
vit_tiny,1458,6,6,0.12213794356530627,0.7319277621741449
vit_tiny,9806,6,1,0.0173616942663557,0.7880534573828868
vit_tiny,5362,6,6,0.07641954061987377,0.6228469682224187
vit_tiny,20186,6,6,0.07369654668234205,0.5935337964011609
vit_tiny,13709,6,6,0.08431178825138375,0.47095465811648296
vit_tiny,4101,6,6,0.01075387886258028,0.051072870110466795
vit_tiny,25601,6,6,0.12503147409510973,0.4685486559882648
vit_tiny,4094,6,6,0.025814796179304267,0.5720450537210482
vit_tiny,25595,6,6,0.027019135053201637,0.6988095372591587
vit_tiny,4100,6,6,0.024893216363452098,0.4057617560669442
vit_tiny,6861,6,6,0.018288971495564965,0.06516352598550412
vit_tiny,4593,6,6,0.02344335222097449,0.20577973487579726
vit_tiny,9904,6,6,0.025215258646426264,0.5819505470457855
vit_tiny,9906,6,4,0.025000993216067968,0.9703113442573965
vit_tiny,18601,6,6,0.09097004811364684,0.5417810404780639
vit_tiny,4584,6,6,0.024942787951998113,0.6717600956086827
vit_tiny,9143,6,6,0.07619529665017666,0.6040020175435643
vit_tiny,7916,6,6,0.026009132014365832,0.651531957167613
vit_tiny,16545,6,4,0.014699774163709378,0.9693210045861349
vit_tiny,3044,6,6,0.10121109254223093,0.6227892564154374
vit_tiny,2299,6,6,0.025809524845502807,0.20179927204268466
vit_tiny,4121,7,7,0.025030182639564913,0.922733436910093
vit_tiny,4150,7,7,0.025158901376727272,0.8948677833908363
vit_tiny,10215,7,3,0.018275948656309993,0.8264560757379513
vit_tiny,4160,7,7,0.025197899275589464,0.9280555094450023
vit_tiny,4109,7,7,0.025743895803573835,0.9222676585344374
vit_tiny,10845,7,7,0.024145990641706305,0.9192723628496964
vit_tiny,4113,7,7,0.025613992539923913,0.9622297653553318
vit_tiny,4174,7,7,0.041491267043596736,0.9210563147529314
vit_tiny,4951,7,3,0.23021731771177656,0.9695265998016112
vit_tiny,4139,7,7,0.036230730066419525,0.9695322090559415
vit_tiny,4136,7,7,0.024957529668144574,0.9668389684960488
vit_tiny,4114,7,7,0.02641687889749278,0.9687306910494584
vit_tiny,4087,7,7,0.025465450945187484,0.9113889607179857
vit_tiny,4110,7,7,0.074149068476288,0.9687066528862118
vit_tiny,1627,7,7,0.02488990239232791,0.9182659662336476
vit_tiny,10935,7,3,0.05298675721769541,0.9746135649620555
vit_tiny,4606,7,7,0.024694101426934623,0.928545767747309
vit_tiny,4164,7,7,0.07418987118054865,0.9463556080157645
vit_tiny,26687,7,7,0.01831790207567252,0.5223158475938163
vit_tiny,4169,7,7,0.02790054352563942,0.9702631562398523
vit_tiny,4605,7,7,0.02498768987597444,0.9204540796784926
vit_tiny,10918,7,7,0.02605066950960122,0.9397100169593244
vit_tiny,20030,8,8,0.05848982553667437,0.016031689625756407
vit_tiny,29752,8,8,0.23077196726933114,0.390221565835958
vit_tiny,25340,8,8,0.03951974342394671,0.2030081099745189
vit_tiny,994,8,6,0.11212112150830933,0.46147779298143377
vit_tiny,25590,8,8,0.02554502316382301,0.37396607890229205
vit_tiny,19770,8,8,0.15067026910914816,0.3731885664116241
vit_tiny,3534,8,8,0.21321572173413905,0.4093782990450858
vit_tiny,19860,8,8,0.025045385923687213,0.279461027531255
vit_tiny,25599,8,8,0.12492272964367945,0.32442862062756816
vit_tiny,19849,8,8,0.07499964647772295,0.3589790403680677
vit_tiny,25604,8,8,0.024976830732259536,0.12337033107101547
vit_tiny,3628,8,8,0.17451730551060596,0.35668571889130973
vit_tiny,24624,8,8,0.025076051913538677,0.11029879450699376
vit_tiny,19741,8,8,0.18369729733164064,0.3921655760527827
vit_tiny,19783,8,8,0.18881806245339483,0.3280011063879318
vit_tiny,14473,8,8,0.06872621445100435,0.08003432061778426
vit_tiny,34331,8,8,0.1742637076414244,0.23534213652132685
vit_tiny,33036,8,8,0.05164417604427296,0.21890272763266694
vit_tiny,25277,8,8,0.11453591452170464,0.15932760268132107
vit_tiny,7807,8,8,0.22400804915437433,0.39848137790993476
vit_tiny,25320,8,8,0.17428785330247898,0.3324682820057756
vit_tiny,527,8,8,0.22471615579447146,0.3841889723878822
swin_tiny,11598,0,0,0.3482091802038667,0.9645810152578633
swin_tiny,8612,0,0,0.2693016851883385,0.9248401491531695
swin_tiny,32384,0,0,0.20171425832222667,0.929187493835343
swin_tiny,22088,0,0,0.19656972973541542,0.9247358694265131
swin_tiny,1258,0,0,0.17894834726484987,0.8555836398736574
swin_tiny,3882,0,0,0.35242092193539065,0.9291174054087605
swin_tiny,26021,0,3,0.08522648631446827,0.9502244939080811
swin_tiny,28706,0,0,0.14899930172123277,0.9371247676899657
swin_tiny,12774,0,0,0.28918611951758066,0.9446211241884157
swin_tiny,20577,0,0,0.6617473143214738,0.9102007735928055
swin_tiny,20069,0,0,0.37071274388972597,0.92498341872124
swin_tiny,22989,0,0,0.15916315407673665,0.8001405946815794
swin_tiny,19017,0,0,0.3010295602275619,0.9040325092864805
swin_tiny,31697,0,0,0.17531320861860422,0.8263918599259341
swin_tiny,23363,0,0,0.2618062021629157,0.9663303196721245
swin_tiny,18777,0,0,0.161372512188791,0.870529140218423
swin_tiny,11832,0,0,0.04449704778926389,0.9541105345997494
swin_tiny,28618,0,0,0.2828267872973811,0.957116709148977
swin_tiny,22858,0,0,0.1588054615813803,0.9601061749854125
swin_tiny,511,0,0,0.20316156262333607,0.7696223616560474
swin_tiny,29736,0,0,0.2835109171503518,0.9289119952591136
swin_tiny,33474,0,0,0.5309379167592851,0.9394622404652182
swin_tiny,25573,1,0,0.09587762601017857,0.9020018485243781
swin_tiny,4312,1,1,0.02526064373925152,0.9700772883866051
swin_tiny,24225,1,1,0.02419619770715542,0.9526386733545991
swin_tiny,5114,1,1,0.02614807788370399,0.9411515498272678
swin_tiny,107,1,1,0.024617325551666625,0.9656087578537011
swin_tiny,10443,1,5,0.02203633106023517,0.8821700565968058
swin_tiny,5117,1,1,0.02852395633448168,0.9555557367479963
swin_tiny,27764,1,1,0.023036364555373723,0.7349523791985888
swin_tiny,31588,1,1,0.026079786466979726,0.9537709339260658
swin_tiny,5131,1,1,0.0414572744908428,0.9550647259079454
swin_tiny,1761,1,1,0.024578990592523553,0.9527350798220908
swin_tiny,34288,1,2,0.01607860764848784,0.7284469217539553
swin_tiny,26309,1,0,0.11797719923106342,0.8284432095388183
swin_tiny,21752,1,2,0.0196713099444861,0.8903447982472117
swin_tiny,20801,1,1,0.02513944219724351,0.9668338358664954
swin_tiny,17666,1,0,0.018511172679140486,0.7585176495831547
swin_tiny,16706,1,1,0.0234817670023717,0.957980030411349
swin_tiny,6553,1,2,0.027705683500944656,0.8517009512394353
swin_tiny,18583,1,1,0.02526274703070186,0.9699051873089815
swin_tiny,20787,1,1,0.02531463699174452,0.9649175571307609
swin_tiny,33870,1,0,0.19091686205320002,0.9619686435617041
swin_tiny,19563,1,1,0.06314998635323832,0.9706087433064425
swin_tiny,2399,2,2,0.15386417886543047,0.9178069063581789
swin_tiny,4407,2,2,0.027232934096765415,0.9305688349467673
swin_tiny,2272,2,2,0.1110582437854104,0.9382042432025046
swin_tiny,2489,2,2,0.0977874942156205,0.8751446433438432
swin_tiny,1496,2,2,0.1330416390748428,0.9203650893995801
swin_tiny,2232,2,2,0.17280492442001139,0.930270584349215
swin_tiny,2415,2,2,0.12735471564868045,0.9344103293605586
swin_tiny,2382,2,2,0.1402629556292776,0.9184315792007838
swin_tiny,2510,2,2,0.14239455803663845,0.918971936274771
swin_tiny,19664,2,2,0.13292882350006074,0.9178584472155635
swin_tiny,2740,2,2,0.12263943072013958,0.9199961893118016
swin_tiny,4872,2,2,0.1218482333115487,0.9208695037513608
swin_tiny,4574,2,2,0.08831816582374552,0.8966991980032035
swin_tiny,4029,2,2,0.11660074305820944,0.9206365720755785
swin_tiny,18720,2,2,0.036720838586727145,0.9196012801020843
swin_tiny,1514,2,2,0.12585822114868145,0.9214385260474374
swin_tiny,1550,2,2,0.12107123424065014,0.9207086874466186
swin_tiny,4564,2,2,0.08238337341825552,0.9221207333320636
swin_tiny,4498,2,2,0.10849481794948668,0.9203444490667025
swin_tiny,1557,2,2,0.06763611456301466,0.9218042015035608
swin_tiny,2195,2,2,0.13301800089549287,0.9210378956212808
swin_tiny,2545,2,2,0.093615070753721,0.9048873808550852
swin_tiny,12693,3,0,0.047191168292783914,0.9084331529738847
swin_tiny,4750,3,3,0.03677943196294109,0.8809068485438729
swin_tiny,18268,3,3,0.05700433760148371,0.9487467814046795
swin_tiny,18844,3,3,0.03859569866759216,0.8945274002485348
swin_tiny,29937,3,3,0.05163522763086803,0.9708379187372884
swin_tiny,1367,3,3,0.09963721762096611,0.9709148957786056
swin_tiny,26201,3,3,0.028992142495212647,0.9685190501199941
swin_tiny,7843,3,0,0.09580745721132189,0.9270127027994022
swin_tiny,25933,3,0,0.0657242656920971,0.9350001784914639
swin_tiny,7777,3,3,0.16105426298418024,0.967499547013631
swin_tiny,3199,3,3,0.029558132544025284,0.8769331301314196
swin_tiny,1633,3,3,0.027643705252216932,0.9692369028502981
swin_tiny,5569,3,4,0.01234131526192761,0.9183608563396071
swin_tiny,32022,3,3,0.2617229234760998,0.96999549948805
swin_tiny,4352,3,3,0.09932224211859526,0.8427977078404183
swin_tiny,5398,3,3,0.03057116594322906,0.9644699873911122
swin_tiny,1836,3,3,0.5812287453350109,0.9694360091975796
swin_tiny,6819,3,5,0.3006318261022898,0.7336833956966302
swin_tiny,30428,3,3,0.06558903977565933,0.9570130938532202
swin_tiny,11121,3,3,0.06844254347356582,0.9538489813726301
swin_tiny,34333,3,3,0.061538872197616,0.9312627306076138
swin_tiny,11558,3,3,0.07239476650624965,0.9463212453861161
swin_tiny,15095,4,4,0.024762901506032442,0.9701853714720734
swin_tiny,5482,4,4,0.02492458636050543,0.9711606292182502
swin_tiny,27612,4,4,0.024359199160551626,0.9671094795701016
swin_tiny,9711,4,0,0.11382958043293456,0.7855350044665101
swin_tiny,2485,4,4,0.019634035364084257,0.9560396879457791
swin_tiny,25055,4,0,0.02945097332496971,0.948233933217125
swin_tiny,25226,4,0,0.07545913295047058,0.9710126288118772
swin_tiny,2517,4,4,0.024546786231188555,0.9695604653167926
swin_tiny,3986,4,4,0.024726355670494304,0.9709789232653954
swin_tiny,5449,4,4,0.024530102843574486,0.971110422927925
swin_tiny,25650,4,0,0.03782043309877281,0.8039823583094403
swin_tiny,5353,4,4,0.024926408808682465,0.9711718504911211
swin_tiny,13786,4,4,0.023517395604628843,0.9686207208212387
swin_tiny,4322,4,4,0.024819820327179443,0.970679754631167
swin_tiny,25639,4,1,0.019030619709724306,0.9085032445350265
swin_tiny,25205,4,4,0.022951891528045998,0.9582539137406663
swin_tiny,1831,4,4,0.024925064427202326,0.9711669820023623
swin_tiny,3536,4,4,0.024878640614762415,0.9705190484889705
swin_tiny,2096,4,4,0.024930072859379315,0.9709923086408914
swin_tiny,5469,4,4,0.024954756157346214,0.9711675222858709
swin_tiny,5050,4,4,0.024913136309572037,0.971178954328682
swin_tiny,25655,4,4,0.023405134120217053,0.9635313585237988
swin_tiny,25122,5,5,0.06462635278194284,0.935282593141892
swin_tiny,25439,5,5,0.14863598812689816,0.867149846425491
swin_tiny,12884,5,5,0.0741365770959419,0.893380379449809
swin_tiny,29842,5,0,0.060220583497994085,0.9061270596866962
swin_tiny,4418,5,5,0.05314338270727603,0.7573335719825991
swin_tiny,3147,5,5,0.14548591771668384,0.9706537410384044
swin_tiny,10773,5,5,0.33627072858871543,0.8930824414297831
swin_tiny,12766,5,1,0.027390975639150383,0.9330608146760682
swin_tiny,30524,5,3,0.04303841133378228,0.9509034833331498
swin_tiny,1993,5,5,0.10339554529628003,0.9275062161614187
swin_tiny,1632,5,5,0.10866183529833506,0.9485081181919668
swin_tiny,2903,5,0,0.026892609114014476,0.7622658663312905
swin_tiny,4288,5,5,0.10140265463269316,0.9514023338269908
swin_tiny,26488,5,5,0.05442494592762159,0.7818462907534922
swin_tiny,2127,5,0,0.200537556069321,0.9432974622468464
swin_tiny,31012,5,5,0.02802607593056905,0.9663844801252708
swin_tiny,26627,5,5,0.1018567391729448,0.8608981274737744
swin_tiny,19032,5,0,0.03862699694991534,0.822723209294054
swin_tiny,1301,5,0,0.021843944920863834,0.6535958033055067
swin_tiny,21284,5,5,0.0727269537196662,0.8470401634695008
swin_tiny,2304,5,5,0.1951633938588202,0.885449922963744
swin_tiny,32350,5,5,0.13072570410759,0.9226315512496512
swin_tiny,4090,6,6,0.024908681088817552,0.7261347926428567
swin_tiny,1458,6,6,0.10156186219092866,0.5263465685632439
swin_tiny,9806,6,3,0.034730534916207034,0.8974067105896211
swin_tiny,5362,6,6,0.0692838538221881,0.6880247860600429
swin_tiny,20186,6,6,0.09250810194397818,0.6863616693279037
swin_tiny,13709,6,5,0.3277724378806397,0.6324883847591991
swin_tiny,4101,6,6,0.026513545542546202,0.6545531299018515
swin_tiny,25601,6,1,0.018237887991045865,0.955929635200377
swin_tiny,4094,6,6,0.041461042432658815,0.7818008735515859
swin_tiny,25595,6,6,0.024424558045673506,0.5797101046882599
swin_tiny,4100,6,3,0.320408430583484,0.9602593012255056
swin_tiny,6861,6,6,0.011021209251922431,0.4453016965386022
swin_tiny,4593,6,6,0.0660151788007285,0.4650558965538766
swin_tiny,9904,6,6,0.015439148086091481,0.5332845772330354
swin_tiny,9906,6,4,0.024392987836360902,0.9709616995021157
swin_tiny,18601,6,6,0.1772082635548915,0.6261388098879307
swin_tiny,4584,6,6,0.028158013846875496,0.7320020825427053
swin_tiny,9143,6,6,0.08355101740927229,0.6824928911708424
swin_tiny,7916,6,6,0.022187143787230856,0.7358340724252118
swin_tiny,16545,6,6,0.012328053787409254,0.6374938224985437
swin_tiny,3044,6,6,0.10072053717261709,0.7125175023668296
swin_tiny,2299,6,6,0.02571360533460343,0.6837910138345459
swin_tiny,4121,7,7,0.014726968216650205,0.9703026005568489
swin_tiny,4150,7,7,0.02495301511038961,0.9609208104644011
swin_tiny,10215,7,3,0.04564712962826434,0.9544289875934737
swin_tiny,4160,7,7,0.024607273019841502,0.9327397146821994
swin_tiny,4109,7,7,0.02491503905369763,0.9217705215001359
swin_tiny,10845,7,3,0.19093337261256238,0.9581810071990731
swin_tiny,4113,7,7,0.02484820444925151,0.921318076152474
swin_tiny,4174,7,7,0.02483213968333131,0.9577632927080657
swin_tiny,4951,7,3,0.0944980446442969,0.9165806435207742
swin_tiny,4139,7,7,0.025471300529518404,0.9703257154883858
swin_tiny,4136,7,7,0.02632114459348922,0.9711569683836814
swin_tiny,4114,7,7,0.028984144215600693,0.9288405939856119
swin_tiny,4087,7,7,0.024743215818425757,0.9695893075818702
swin_tiny,4110,7,7,0.024921024305656764,0.9698608727754134
swin_tiny,1627,7,3,0.09995106136986065,0.9690635297315566
swin_tiny,10935,7,7,0.02482553114780983,0.9708098673996091
swin_tiny,4606,7,7,0.02496769443257732,0.9711797938776243
swin_tiny,4164,7,7,0.05759530561633586,0.9508196462389122
swin_tiny,26687,7,7,0.015861915222993184,0.7859506753408283
swin_tiny,4169,7,7,0.02556122100152347,0.9587441061717499
swin_tiny,4605,7,7,0.024913324968882544,0.9709340539389331
swin_tiny,10918,7,7,0.025282213554340238,0.9711394863530103
swin_tiny,20030,8,6,0.12043519012056542,0.6692460171216509
swin_tiny,29752,8,8,0.17442680279168954,0.4650620015289203
swin_tiny,25340,8,8,0.06365633355354594,0.03303115846098237
swin_tiny,994,8,8,0.05783373997152611,0.024234270906523303
swin_tiny,25590,8,8,0.07338940959944937,0.0601044427755042
swin_tiny,19770,8,8,0.1784663694990284,0.32264284166791235
swin_tiny,3534,8,8,0.1506381216045568,0.4753537877475582
swin_tiny,19860,8,8,0.026377955149772814,0.03317521170837168
swin_tiny,25599,8,8,0.0819278073020393,0.26547367049144466
swin_tiny,19849,8,8,0.07382721921924773,0.20105739150586288
swin_tiny,25604,8,8,0.0262123071014597,0.1293230316289491
swin_tiny,3628,8,8,0.08937240366008425,0.3630654376657114
swin_tiny,24624,8,8,0.025704582664395126,0.027672925172529617
swin_tiny,19741,8,8,0.12734399071093527,0.440462643973067
swin_tiny,19783,8,8,0.11926423617542503,0.22111934935408661
swin_tiny,14473,8,8,0.03796295715641196,0.18854283789992987
swin_tiny,34331,8,8,0.1245605074477365,0.45167273323243906
swin_tiny,33036,8,8,0.16033011451676127,0.06406887099126823
swin_tiny,25277,8,8,0.0738811592309343,0.31357510798207855
swin_tiny,7807,8,8,0.13693084465957006,0.4463166550557487
swin_tiny,25320,8,8,0.1252140528857283,0.2765744330682045
swin_tiny,527,8,8,0.18149960124148978,0.35174129020186884
