family,sample_idx,deletion_auc,insertion_auc
resnet18_cbam,11598,0.9322866700640589,0.893177410316639
resnet18_cbam,8612,0.9694475914093346,0.9018218907931441
resnet18_cbam,32384,0.9363406760530779,0.9276996622411389
resnet18_cbam,22088,0.9566858059624792,0.9631138316963188
resnet18_cbam,1258,0.7073085047504719,0.9342702845078747
resnet18_cbam,3882,0.029137796370160576,0.014607107320181778
resnet18_cbam,26021,0.286776011492492,0.21439908053577028
resnet18_cbam,28706,0.9082276546014327,0.8962036005887057
resnet18_cbam,12774,0.9384338990294054,0.9377424506146781
resnet18_cbam,20577,0.9614343782213837,0.9637105629572034
resnet18_cbam,20069,0.953244543812616,0.9568562087279133
resnet18_cbam,22989,0.9721367545171233,0.855278711524079
resnet18_cbam,19017,0.9686161679128418,0.9559868361593544
resnet18_cbam,31697,0.8585570826026014,0.9289631879564695
resnet18_cbam,23363,0.9618085322508705,0.9541084485153988
resnet18_cbam,18777,0.9574365918670082,0.9581656258869771
resnet18_cbam,11832,0.8525465557086136,0.5302394607310816
resnet18_cbam,28618,0.8851422186107811,0.8557096933782304
resnet18_cbam,22858,0.9658240878470679,0.9691241888704099
resnet18_cbam,511,0.9620756769345462,0.9657606360760838
resnet18_cbam,29736,0.943594477539591,0.9609289444833848
resnet18_cbam,33474,0.9437031329689489,0.9462153517433762
resnet18_cbam,25573,0.2547701936707858,0.3505355973178794
resnet18_cbam,4312,0.4806978526892465,0.5678578503128335
resnet18_cbam,24225,0.433287773428944,0.29584055516044927
resnet18_cbam,5114,0.28653842840089183,0.5721178451976812
resnet18_cbam,107,0.2047257290214528,0.4132793704872597
resnet18_cbam,10443,0.16058563011722526,0.2523166749908796
resnet18_cbam,5117,0.41889021528379455,0.47238445514321015
resnet18_cbam,27764,0.17690438946456766,0.37377712208945013
resnet18_cbam,31588,0.361670314939583,0.3312621921073635
resnet18_cbam,5131,0.4774797685110599,0.41950150232796446
resnet18_cbam,1761,0.4421526475028372,0.241656633651246
resnet18_cbam,34288,0.4639119350991905,0.6105337434794933
resnet18_cbam,26309,0.04033840584551207,0.13560522059526647
resnet18_cbam,21752,0.2823248067820794,0.47443438751353906
resnet18_cbam,20801,0.3048465146065382,0.20246839360589775
resnet18_cbam,17666,0.0981584628351122,0.05126824740810321
resnet18_cbam,16706,0.6588252715317253,0.40294188906555917
resnet18_cbam,6553,0.5330126651503697,0.46281316612603973
resnet18_cbam,18583,0.6214776627172487,0.3530720701600103
resnet18_cbam,20787,0.2491730362404354,0.36576466735613167
resnet18_cbam,33870,0.8860309194878937,0.9034812023801351
resnet18_cbam,19563,0.6236760719732786,0.6247242962135715
resnet18_cbam,2399,0.7755706573532422,0.6580016527685828
resnet18_cbam,4407,0.46730489640839323,0.4902698050896852
resnet18_cbam,2272,0.6809246978907169,0.6353821784713105
resnet18_cbam,2489,0.40526544877500803,0.5900490123858049
resnet18_cbam,1496,0.5677820651059662,0.6076222001802389
resnet18_cbam,2232,0.6114315169583051,0.5716750649273377
resnet18_cbam,2415,0.5658029817846355,0.6074167393303682
resnet18_cbam,2382,0.6349011197305003,0.6485525070962614
resnet18_cbam,2510,0.4559615804961775,0.5546496652277746
resnet18_cbam,19664,0.5402610996578936,0.6374843694168879
resnet18_cbam,2740,0.608916810234895,0.5970969416745913
resnet18_cbam,4872,0.6138305265815323,0.4926766153414621
resnet18_cbam,4574,0.5027292967584884,0.4197383115080444
resnet18_cbam,4029,0.6321211220707887,0.4609557389502497
resnet18_cbam,18720,0.44419666538652836,0.3806018703454131
resnet18_cbam,1514,0.620708099113239,0.5473351857619857
resnet18_cbam,1550,0.5642806026794274,0.5622894701855642
resnet18_cbam,4564,0.6537495720655677,0.5372470796338362
resnet18_cbam,4498,0.5998882114454673,0.5799238181005846
resnet18_cbam,1557,0.4159873117648206,0.49140763397319154
resnet18_cbam,2195,0.5577862214707139,0.6169110797603702
resnet18_cbam,2545,0.40810690695717655,0.6640505749947749
resnet18_cbam,12693,0.08314197246223465,0.1157264985795905
resnet18_cbam,4750,0.5410041297254793,0.45856036983013837
resnet18_cbam,18268,0.3303561587251238,0.04973371829197504
resnet18_cbam,18844,0.33793099823001427,0.5701710451864983
resnet18_cbam,29937,0.029837436812954365,0.0286869273215018
resnet18_cbam,1367,0.5081953009057543,0.6803939974806781
resnet18_cbam,26201,0.06201744321085556,0.044214803846571726
resnet18_cbam,7843,0.7609072560990171,0.9402293726361677
resnet18_cbam,25933,0.2229766788868801,0.2634128958083082
resnet18_cbam,7777,0.4618426549454995,0.678924236521425
resnet18_cbam,3199,0.413624919614449,0.3504503609067342
resnet18_cbam,1633,0.6417426380663755,0.6024997780132253
resnet18_cbam,5569,0.17672365515515054,0.06160974562578492
resnet18_cbam,32022,0.6760961121287892,0.6636629419878659
resnet18_cbam,4352,0.6205193521836918,0.6315962207427219
resnet18_cbam,5398,0.4220393729086709,0.6577999065530946
resnet18_cbam,1836,0.7092023264222007,0.48734602166086916
resnet18_cbam,6819,0.3040491773237477,0.14032775192189106
resnet18_cbam,30428,0.23329561874831484,0.5104683126355667
resnet18_cbam,11121,0.7394113292855309,0.27217180696053767
resnet18_cbam,34333,0.5394753996715735,0.4365155708891919
resnet18_cbam,11558,0.20105532781512991,0.5111577016702142
resnet18_cbam,15095,0.44659206690864295,0.3592040367031988
resnet18_cbam,5482,0.5366837079497913,0.6644090383032619
resnet18_cbam,27612,0.7703151305189095,0.3230924920949434
resnet18_cbam,9711,0.3313393429672402,0.15601703870194683
resnet18_cbam,2485,0.11298940177871764,0.6382340950534342
resnet18_cbam,25055,0.23145452673487377,0.30500838477475156
resnet18_cbam,25226,0.8768485883556423,0.9306359309321124
resnet18_cbam,2517,0.5677918583529902,0.40655092179177643
resnet18_cbam,3986,0.5611686971409853,0.5916011422211511
resnet18_cbam,5449,0.5329488739455712,0.5753261095771336
resnet18_cbam,25650,0.33718910007841885,0.203143432948508
resnet18_cbam,5353,0.6782407122098633,0.5705490194573883
resnet18_cbam,13786,0.24187868411334357,0.3389050070222801
resnet18_cbam,4322,0.5334414761162094,0.5187711306745939
resnet18_cbam,25639,0.8545121743700292,0.6613833046158106
resnet18_cbam,25205,0.5640131691275183,0.6599798616025936
resnet18_cbam,1831,0.8496820895600266,0.7263652559219906
resnet18_cbam,3536,0.6157928869574505,0.5891773106150282
resnet18_cbam,2096,0.4719763618882027,0.48625581426457387
resnet18_cbam,5469,0.6312543633429044,0.6502878196881738
resnet18_cbam,5050,0.5722626724427684,0.6048054264171263
resnet18_cbam,25655,0.5515534482928075,0.46651531885592235
resnet18_cbam,25122,0.5239884643818868,0.6116975032074379
resnet18_cbam,25439,0.5170835150087782,0.4025351514837041
resnet18_cbam,12884,0.4392474062697147,0.3037839322337277
resnet18_cbam,29842,0.656207311883918,0.8386478192242066
resnet18_cbam,4418,0.7456166557713573,0.390731806309633
resnet18_cbam,3147,0.6099353688166502,0.709189468539762
resnet18_cbam,10773,0.506112803408377,0.47763336685401114
resnet18_cbam,12766,0.049251080736709696,0.25463446435042414
resnet18_cbam,30524,0.51997762341216,0.6559615240767016
resnet18_cbam,1993,0.4491105820280836,0.8002638795114763
resnet18_cbam,1632,0.609482401428977,0.7053130780986976
resnet18_cbam,2903,0.7197677188160014,0.8351882097922498
resnet18_cbam,4288,0.5330254847326614,0.9344938526919577
resnet18_cbam,26488,0.749482452555867,0.2805016639942721
resnet18_cbam,2127,0.2282816000555954,0.6809326727088774
resnet18_cbam,31012,0.6261945022527016,0.6952917887381176
resnet18_cbam,26627,0.4520413538500918,0.4155702073566019
resnet18_cbam,19032,0.22075781591305343,0.04999694282003464
resnet18_cbam,1301,0.8424596303748331,0.5733794720151195
resnet18_cbam,21284,0.8084651942954224,0.26153943745740094
resnet18_cbam,2304,0.9056255014438648,0.5537670015837648
resnet18_cbam,32350,0.5870614965047025,0.5549912336757643
resnet18_cbam,4090,0.47544701204211676,0.4982914262364497
resnet18_cbam,1458,0.6670703235741366,0.6061940588347238
resnet18_cbam,9806,0.16292037471760312,0.23207486295865837
resnet18_cbam,5362,0.508130319477046,0.4618956416188239
resnet18_cbam,20186,0.39581716267469946,0.4260408446910262
resnet18_cbam,13709,0.22240812207546198,0.2445321904535901
resnet18_cbam,4101,0.2545075497179141,0.0885395822820243
resnet18_cbam,25601,0.6619779101774188,0.6785975147503601
resnet18_cbam,4094,0.46334662507713775,0.501291079789454
resnet18_cbam,25595,0.45237283898181113,0.5096330051929899
resnet18_cbam,4100,0.3842572055960521,0.38589703243475126
resnet18_cbam,6861,0.17514623296272394,0.19386748373776952
resnet18_cbam,4593,0.5822918495887681,0.515862481214129
resnet18_cbam,9904,0.40886942581025026,0.3978324003455484
resnet18_cbam,9906,0.25884767587914936,0.23900246825837002
resnet18_cbam,18601,0.6140870318597704,0.474853326145942
resnet18_cbam,4584,0.5023814380927507,0.5408910166771711
resnet18_cbam,9143,0.4968665020298369,0.5260391344089119
resnet18_cbam,7916,0.4051412987223297,0.38433378525593564
resnet18_cbam,16545,0.6038016291614203,0.5559501821381043
resnet18_cbam,3044,0.41552157032528714,0.433313063557884
resnet18_cbam,2299,0.3762087145438675,0.35691202833871266
resnet18_cbam,4121,0.692743626856481,0.5169974274945979
resnet18_cbam,4150,0.6522383906474886,0.68655312997958
resnet18_cbam,10215,0.4538400887951042,0.5346105113030717
resnet18_cbam,4160,0.7205478212481015,0.5822590475428977
resnet18_cbam,4109,0.6014343966182802,0.4861019427985543
resnet18_cbam,10845,0.25910537286933755,0.05775673628713207
resnet18_cbam,4113,0.2726971002358558,0.6722410841205508
resnet18_cbam,4174,0.7682477582296291,0.28127928920816764
resnet18_cbam,4951,0.30213081716530876,0.3705903493913316
resnet18_cbam,4139,0.6711349484524738,0.7219869377621627
resnet18_cbam,4136,0.5375287616570359,0.5082111186295369
resnet18_cbam,4114,0.4227432866174403,0.6472958491434835
resnet18_cbam,4087,0.6192050518527672,0.6204939193169997
resnet18_cbam,4110,0.5180128050547976,0.4420284782881872
resnet18_cbam,1627,0.38898986839140903,0.2998311886444128
resnet18_cbam,10935,0.13778419083899343,0.07551751616662081
resnet18_cbam,4606,0.5267455661446161,0.5999552225491214
resnet18_cbam,4164,0.7234487330098566,0.764422277564681
resnet18_cbam,26687,0.020778166052807325,0.01744994357002483
resnet18_cbam,4169,0.3714557629168667,0.4670198228362825
resnet18_cbam,4605,0.6585639522683513,0.6951049969427296
resnet18_cbam,10918,0.5086923281830902,0.5261973507624429
resnet18_cbam,20030,0.6248822064698515,0.5801300532844202
resnet18_cbam,29752,0.2793376656062381,0.28084843365492357
resnet18_cbam,25340,0.173776657888389,0.1371309357858342
resnet18_cbam,994,0.656384878271479,0.620173986150868
resnet18_cbam,25590,0.12219362204868917,0.10061002789176766
resnet18_cbam,19770,0.17790891080378887,0.17519469521994283
resnet18_cbam,3534,0.2740107531250627,0.2739267007712859
resnet18_cbam,19860,0.6724312636084949,0.6746924845897286
resnet18_cbam,25599,0.17430252436992655,0.17422208707513745
resnet18_cbam,19849,0.12768296235326404,0.1277201481498886
resnet18_cbam,25604,0.07453602141280871,0.07450508503745926
resnet18_cbam,3628,0.22413185916622125,0.2241018313202157
resnet18_cbam,24624,0.02488852751735877,0.024849263601609023
resnet18_cbam,19741,0.22428850213944454,0.2241216469650313
resnet18_cbam,19783,0.1743335512152466,0.17431685796378274
resnet18_cbam,14473,0.10504247758882147,0.08829111638780737
resnet18_cbam,34331,0.2738983153601416,0.27388334343149046
resnet18_cbam,33036,0.10677994221538951,0.12315538697205392
resnet18_cbam,25277,0.1303138256958681,0.1239094023609669
resnet18_cbam,7807,0.3237304781270439,0.3237199806394388
resnet18_cbam,25320,0.2241400677339442,0.22412458542839186
resnet18_cbam,527,0.2241211247234723,0.22412139296296962
densenet121,11598,0.9289998000494961,0.8418348437517125
densenet121,8612,0.9716565105700283,0.9226566742472642
densenet121,32384,0.9426014063938055,0.9619091884414956
densenet121,22088,0.9746470465834136,0.967395681382186
densenet121,1258,0.8459436610573903,0.9475673998131242
densenet121,3882,0.027477748712756694,0.031163055246871955
densenet121,26021,0.24453227995634563,0.2107702594939927
densenet121,28706,0.9707736496529833,0.6659671438856094
densenet121,12774,0.9459182699356461,0.9675753879892
densenet121,20577,0.9665704636317969,0.9689347502026067
densenet121,20069,0.9751551943554659,0.9730118661136657
densenet121,22989,0.9738424701863551,0.937759326032392
densenet121,19017,0.9759034859016538,0.9195424830722914
densenet121,31697,0.8614173299587264,0.9233077411081467
densenet121,23363,0.9693471651917207,0.9008703455001523
densenet121,18777,0.973586399180931,0.9717443728768558
densenet121,11832,0.19790803026649612,0.6386556499955987
densenet121,28618,0.9086719662627729,0.8945752800682385
densenet121,22858,0.9730284915203811,0.967184145545616
densenet121,511,0.9394614625089162,0.8377112289490469
densenet121,29736,0.9722672476418666,0.9631148518710688
densenet121,33474,0.9349851138213126,0.9721631133761548
densenet121,25573,0.1977706728179751,0.23088669016315239
densenet121,4312,0.4408408656485039,0.5056588378323548
densenet121,24225,0.3355770291051753,0.34187615542965333
densenet121,5114,0.26610634841515146,0.5136417076982484
densenet121,107,0.2682325779587615,0.3391758499881803
densenet121,10443,0.07728048744093531,0.15475788227451803
densenet121,5117,0.4119046820211945,0.4503201590574917
densenet121,27764,0.20795614191024672,0.3485015099054909
densenet121,31588,0.18068549521494875,0.18671085053925907
densenet121,5131,0.45773342827975916,0.37982921964842
densenet121,1761,0.4163896206620207,0.19786790168913537
densenet121,34288,0.3604027597071301,0.6337780282314638
densenet121,26309,0.3044537697795502,0.1453029384396165
densenet121,21752,0.254443304997237,0.21725881639548583
densenet121,20801,0.41879004880135606,0.2562583187525825
densenet121,17666,0.15336542654803717,0.062372774896817085
densenet121,16706,0.5775730668741793,0.3472274463404361
densenet121,6553,0.35084047639418325,0.31075794509337906
densenet121,18583,0.6294916638294077,0.4174870282311774
densenet121,20787,0.2096834349744493,0.17553403503780146
densenet121,33870,0.060146682089677786,0.1061680434958634
densenet121,19563,0.58292897668408,0.6336404193064187
densenet121,2399,0.8002648741986926,0.7455481940465418
densenet121,4407,0.3842754159725945,0.3531463494929791
densenet121,2272,0.7546840092879548,0.7122114415284428
densenet121,2489,0.5377005638805736,0.5978698804985206
densenet121,1496,0.6955218242460455,0.7868239401828461
densenet121,2232,0.6288871890711603,0.61506162045814
densenet121,2415,0.5730082582896882,0.6914534638988326
densenet121,2382,0.6904436888374273,0.6962136050496082
densenet121,2510,0.5402107690949255,0.577594614231395
densenet121,19664,0.6443671132743052,0.678214728498385
densenet121,2740,0.679757457367032,0.7240200416632502
densenet121,4872,0.6570074373977516,0.7307391689170345
densenet121,4574,0.6855638265582963,0.5056292774059764
densenet121,4029,0.6612161886800232,0.5262609960748792
densenet121,18720,0.5752419014357708,0.4499249427044825
densenet121,1514,0.6806575876201435,0.5841047882433272
densenet121,1550,0.711230132770722,0.6241144959860551
densenet121,4564,0.6913443308583362,0.7314536110116128
densenet121,4498,0.5712330821822735,0.6658427005308412
densenet121,1557,0.603616757842474,0.6321380916397324
densenet121,2195,0.6015778983078176,0.63588357928781
densenet121,2545,0.492204759788704,0.7069488243945028
densenet121,12693,0.77557267269367,0.8746156487504777
densenet121,4750,0.4754908125470365,0.5226814013413446
densenet121,18268,0.6423741680694093,0.688861907513056
densenet121,18844,0.3393151734977312,0.26648667377537016
densenet121,29937,0.7849913721034909,0.7273757204473128
densenet121,1367,0.3302759741585899,0.7355050714779452
densenet121,26201,0.7112211066813643,0.5783159020397193
densenet121,7843,0.8872909419878852,0.9327281080368266
densenet121,25933,0.27492239545240077,0.1561817647457711
densenet121,7777,0.299802278622856,0.34946676696052414
densenet121,3199,0.5770185259339087,0.33682890441968993
densenet121,1633,0.8041266991039038,0.5464227699308353
densenet121,5569,0.23346233121580878,0.11785727967936578
densenet121,32022,0.5305719422508282,0.569578723477207
densenet121,4352,0.5988420121108096,0.4798270971165337
densenet121,5398,0.23666407042348858,0.5966297615364375
densenet121,1836,0.6620858274973216,0.46320705995452727
densenet121,6819,0.37313353801188354,0.23945648246797835
densenet121,30428,0.22552691834718175,0.49149849913149035
densenet121,11121,0.7337294517942325,0.280434837259829
densenet121,34333,0.14782865939124523,0.0471552580442865
densenet121,11558,0.2265466335635431,0.18161902885039333
densenet121,15095,0.40550363830217584,0.35523316717210773
densenet121,5482,0.5758611103795113,0.6554096861909974
densenet121,27612,0.8251677098818345,0.3300369847946649
densenet121,9711,0.8440680306775903,0.7214753258485871
densenet121,2485,0.31767774086903555,0.6645488127025143
densenet121,25055,0.329233952934276,0.38545897680709096
densenet121,25226,0.7091193394226138,0.9017095916969993
densenet121,2517,0.6827292488506239,0.47666734649203435
densenet121,3986,0.5104483714773913,0.5161293593736442
densenet121,5449,0.2837633394590857,0.5142782048561116
densenet121,25650,0.3017683773740604,0.11156005034262265
densenet121,5353,0.7054981457274015,0.5752393369193672
densenet121,13786,0.34608299555888633,0.399795259061343
densenet121,4322,0.5599214115044079,0.6112582933282464
densenet121,25639,0.8676320318772923,0.7534587373265822
densenet121,25205,0.450186208413127,0.6339470632402217
densenet121,1831,0.773648395715046,0.7131390791208495
densenet121,3536,0.5367716627743747,0.4632904773624107
densenet121,2096,0.43127636622319276,0.4743861517248563
densenet121,5469,0.6313024085831653,0.690275525870907
densenet121,5050,0.5668224748432861,0.5563437658414578
densenet121,25655,0.5901637526961114,0.4477467710999423
densenet121,25122,0.5466875488596339,0.7142253875398163
densenet121,25439,0.7403867958300463,0.33329478627124587
densenet121,12884,0.9351613028802603,0.31552000945464476
densenet121,29842,0.4786481955165982,0.8672295071191911
densenet121,4418,0.5944620990882177,0.2187461368420064
densenet121,3147,0.6099052190456344,0.9351150683323795
densenet121,10773,0.40979216038652483,0.5527561424979748
densenet121,12766,0.3250616883146227,0.5099864510375397
densenet121,30524,0.4406267562173358,0.22607236515690587
densenet121,1993,0.7997772951875071,0.7438217846479063
densenet121,1632,0.834828107865178,0.49186359704617644
densenet121,2903,0.6854267846779294,0.9483784546027891
densenet121,4288,0.6978066594692791,0.9926976050483063
densenet121,26488,0.742698201888585,0.666793933291066
densenet121,2127,0.6519274199836218,0.7062943999335403
densenet121,31012,0.7759178691586612,0.894095006594501
densenet121,26627,0.5739579245239247,0.4474909471404481
densenet121,19032,0.2188147456978696,0.18112959188807268
densenet121,1301,0.8772805165567945,0.3109384568281639
densenet121,21284,0.2759232052796827,0.1521449738664642
densenet121,2304,0.9578342501772568,0.5472235687088869
densenet121,32350,0.35378691601108503,0.40148994311073155
densenet121,4090,0.4576443150443276,0.49153165438659896
densenet121,1458,0.6399358459021748,0.5912072040272955
densenet121,9806,0.20144093822360523,0.0962801398924906
densenet121,5362,0.49273865036908665,0.4965082709396651
densenet121,20186,0.4020019152201673,0.4175717278158573
densenet121,13709,0.28898093055285773,0.2787682151079892
densenet121,4101,0.21950490510006784,0.2475686269769653
densenet121,25601,0.03883228005589033,0.030023447658874124
densenet121,4094,0.44017346362466653,0.49984357682374
densenet121,25595,0.5345565531121331,0.5271409020042334
densenet121,4100,0.35694549913031065,0.474313360324345
densenet121,6861,0.18972717721179455,0.27650365409875566
densenet121,4593,0.5750445566530729,0.550337864350353
densenet121,9904,0.33540196943581757,0.38623561042010235
densenet121,9906,0.2804301724606416,0.18718017977939386
densenet121,18601,0.5842189558879464,0.4842212431314753
densenet121,4584,0.5163016358311043,0.5691481749187847
densenet121,9143,0.5037734750941236,0.520747027001086
densenet121,7916,0.37802238828143897,0.347556326611684
densenet121,16545,0.02387297424975053,0.02204016719765358
densenet121,3044,0.41941837815186084,0.43774781769070287
densenet121,2299,0.3881527168409493,0.35544774845890686
densenet121,4121,0.6426269749890424,0.48752204836371205
densenet121,4150,0.5927746500668992,0.5692302439334983
densenet121,10215,0.2206868069637542,0.15589122980352244
densenet121,4160,0.6661719456785469,0.6247878270804001
densenet121,4109,0.6243539632379244,0.471785125579793
densenet121,10845,0.27446295878871096,0.32327797132612
densenet121,4113,0.2545314627292253,0.47526886488507497
densenet121,4174,0.6690755152319612,0.17803477769338502
densenet121,4951,0.1815709626271358,0.13129834646291894
densenet121,4139,0.625577160617008,0.7359212203413978
densenet121,4136,0.5336723464319271,0.6002176144434147
densenet121,4114,0.37685938801370283,0.6707853443213415
densenet121,4087,0.6589457878529826,0.6405630429511053
densenet121,4110,0.6088207623286069,0.5813004417660161
densenet121,1627,0.46955607966518625,0.35633939146105814
densenet121,10935,0.4053457695449084,0.2640610507668105
densenet121,4606,0.5780488437765504,0.6644603594822398
densenet121,4164,0.6702460203982109,0.6213842627036794
densenet121,26687,0.9263092592373141,0.8844986304648046
densenet121,4169,0.283285506179014,0.42844149575442814
densenet121,4605,0.7090137188932087,0.6585436397185249
densenet121,10918,0.4308229741429184,0.5073045068288117
densenet121,20030,0.6267347164275847,0.6381902540739804
densenet121,29752,0.3340780950430593,0.3251251878204933
densenet121,25340,0.1283213802512162,0.09480067198921521
densenet121,994,0.019870314417890788,0.01858263315375996
densenet121,25590,0.1677678205627234,0.16629878654974356
densenet121,19770,0.22407793978368729,0.22525697272423717
densenet121,3534,0.3239104541630457,0.3237988823539617
densenet121,19860,0.07811413950481425,0.10155587361513954
densenet121,25599,0.23193370301964372,0.23764223696722703
densenet121,19849,0.18103565596603347,0.1847371697086276
densenet121,25604,0.12770377402258257,0.1267361830902124
densenet121,3628,0.25922572127070953,0.26968929869819536
densenet121,24624,0.06807216068887943,0.07004409303987799
densenet121,19741,0.2972705970903198,0.2759366855373305
densenet121,19783,0.22375147054063133,0.22262440161927102
densenet121,14473,0.13490342647270698,0.14987406485487406
densenet121,34331,0.2911151730886744,0.2793669851822812
densenet121,33036,0.1216622057269219,0.1348067491884403
densenet121,25277,0.16673766013828556,0.14416705540461172
densenet121,7807,0.3338772669240906,0.3238398879857137
densenet121,25320,0.2324963775450035,0.22627630996898285
densenet121,527,0.27358812057110043,0.26196220343616866
vit_tiny,11598,0.8134158367611235,0.5031031191429065
vit_tiny,8612,0.5185964199317823,0.6436237336274644
vit_tiny,32384,0.7001506726992375,0.5159181009003078
vit_tiny,22088,0.6886285496730125,0.5094993068341864
vit_tiny,1258,0.33751744303572195,0.7385903520626016
vit_tiny,3882,0.15401888272997866,0.29890658523377667
vit_tiny,26021,0.2590334146434543,0.24872221497207647
vit_tiny,28706,0.7385293616243871,0.8225157502602087
vit_tiny,12774,0.845353731951036,0.876002925549983
vit_tiny,20577,0.7458209862961667,0.8719841765851015
vit_tiny,20069,0.7049159712041728,0.7801427306985715
vit_tiny,22989,0.6969254705181811,0.5284658822201891
vit_tiny,19017,0.7765313992858864,0.8409044575528242
vit_tiny,31697,0.6820338654943043,0.795613382346346
vit_tiny,23363,0.7537001310629421,0.373161203435302
vit_tiny,18777,0.5102991190142347,0.6990756886734744
vit_tiny,11832,0.5439482434740057,0.5823209414120356
vit_tiny,28618,0.6209430388189503,0.6859187658992596
vit_tiny,22858,0.7897175200050697,0.9295191885757959
vit_tiny,511,0.18037673454637115,0.16382031922421447
vit_tiny,29736,0.7138640865596244,0.906634155093343
vit_tiny,33474,0.7551421013631625,0.8308094308886211
vit_tiny,25573,0.6328319603562704,0.7655702543706866
vit_tiny,4312,0.3604978419307656,0.4476308461779013
vit_tiny,24225,0.43568241534939034,0.2167210476138166
vit_tiny,5114,0.1563641005174361,0.09186620503193055
vit_tiny,107,0.7513054494629614,0.18803959551723892
vit_tiny,10443,0.08483054635439657,0.1822550214437797
vit_tiny,5117,0.25613643336902214,0.24455378058695487
vit_tiny,27764,0.15822016121529714,0.24843360845312645
vit_tiny,31588,0.33558689749077075,0.41501382470625003
vit_tiny,5131,0.2213607054668003,0.4939492384891615
vit_tiny,1761,0.32263564762706665,0.07987273651923488
vit_tiny,34288,0.39778509867877787,0.16382568568409894
vit_tiny,26309,0.023692503513302654,0.15484921703597365
vit_tiny,21752,0.3659818110911992,0.5038390809594198
vit_tiny,20801,0.40654952634179153,0.3728066262497691
vit_tiny,17666,0.6309321209337213,0.4594238732861413
vit_tiny,16706,0.17271664944553322,0.24255857500531874
vit_tiny,6553,0.31694817278116716,0.3933197918938731
vit_tiny,18583,0.497709232575005,0.32453255906540335
vit_tiny,20787,0.3014339438046818,0.2649830472276449
vit_tiny,33870,0.7938928515541193,0.811250739658135
vit_tiny,19563,0.4147690808254083,0.5659146026987685
vit_tiny,2399,0.854006631083351,0.8582880328064526
vit_tiny,4407,0.5231235689038023,0.428459024928852
vit_tiny,2272,0.8182265817826568,0.7763381134573386
vit_tiny,2489,0.808499971221039,0.844040928333893
vit_tiny,1496,0.8291802002356405,0.8627987550848779
vit_tiny,2232,0.7702855690302925,0.8400228074194551
vit_tiny,2415,0.8154495570717764,0.8246709496268174
vit_tiny,2382,0.8137342618261059,0.8699867229999221
vit_tiny,2510,0.714503126091369,0.7874823823572505
vit_tiny,19664,0.8053554043964439,0.8185870485677178
vit_tiny,2740,0.8270469745575433,0.8020819658087639
vit_tiny,4872,0.8340887086710289,0.8945237717974059
vit_tiny,4574,0.7468532339869576,0.6613703819536276
vit_tiny,4029,0.8663175672387062,0.6953394954063974
vit_tiny,18720,0.8040514878368334,0.5044407622163014
vit_tiny,1514,0.8587491443761479,0.8823354326932922
vit_tiny,1550,0.7996813665292208,0.8230678662628002
vit_tiny,4564,0.7147068766763276,0.8033833333630689
vit_tiny,4498,0.6424186834537586,0.7400494426966979
vit_tiny,1557,0.809705691704302,0.814212562486869
vit_tiny,2195,0.8423571258025468,0.8529338437561869
vit_tiny,2545,0.743193979287291,0.7843964907756025
vit_tiny,12693,0.6803008783099358,0.8773887564602774
vit_tiny,4750,0.5279639991022123,0.709569050486607
vit_tiny,18268,0.2211120931951882,0.6548794234577144
vit_tiny,18844,0.12552554435706043,0.22558283950274927
vit_tiny,29937,0.3319350468268567,0.5989428097991549
vit_tiny,1367,0.6225221654312918,0.7401999043177057
vit_tiny,26201,0.45383310937381793,0.4855658785754713
vit_tiny,7843,0.13322660830726818,0.31683662354407716
vit_tiny,25933,0.7706679854964023,0.7488200881780358
vit_tiny,7777,0.4688367881940394,0.3893618565041379
vit_tiny,3199,0.6868980509098037,0.2835990253631735
vit_tiny,1633,0.8732004746198072,0.5865432379214326
vit_tiny,5569,0.10767714641920634,0.11264481644072077
vit_tiny,32022,0.5533238986258766,0.5579677140267449
vit_tiny,4352,0.22437222877761087,0.34240153074722457
vit_tiny,5398,0.19918057367419806,0.09175112939300334
vit_tiny,1836,0.7762757709715515,0.11857528402435946
vit_tiny,6819,0.28593276002175116,0.2753010455776348
vit_tiny,30428,0.2789946213088115,0.15927096036739385
vit_tiny,11121,0.38977486260228034,0.19395987421557948
vit_tiny,34333,0.7393861184245907,0.6633696338822119
vit_tiny,11558,0.06070566354026141,0.06617278687303951
vit_tiny,15095,0.22547685813873386,0.23516065266531427
vit_tiny,5482,0.3127564264851799,0.3788577475591808
vit_tiny,27612,0.6947359989025017,0.2860622814041278
vit_tiny,9711,0.19371560254649012,0.14114785042258404
vit_tiny,2485,0.26487723904784843,0.46383339056225736
vit_tiny,25055,0.7763044842940872,0.7348645488236798
vit_tiny,25226,0.4487439871263632,0.6919838052563136
vit_tiny,2517,0.5362188822322906,0.769387735504921
vit_tiny,3986,0.7129645935333428,0.705216914193187
vit_tiny,5449,0.42340675309279163,0.20759068736714426
vit_tiny,25650,0.21258286315060104,0.3122695989590909
vit_tiny,5353,0.6813712077681089,0.5527400335487584
vit_tiny,13786,0.22848990860646268,0.4404048549231163
vit_tiny,4322,0.5317622059814653,0.5450265680905488
vit_tiny,25639,0.25225428859027943,0.3810088025743994
vit_tiny,25205,0.3635424750291918,0.42993141129838364
vit_tiny,1831,0.8245440511927313,0.7364871680859721
vit_tiny,3536,0.5303345679719484,0.6168769803154248
vit_tiny,2096,0.3667378407573665,0.26406280070401067
vit_tiny,5469,0.5843147877603485,0.7311666649266897
vit_tiny,5050,0.5891611219745414,0.4836557717731864
vit_tiny,25655,0.5028229309862411,0.4692328382659241
vit_tiny,25122,0.19680875770791317,0.17982813731396163
vit_tiny,25439,0.15031152918481894,0.13893414800850223
vit_tiny,12884,0.538544071780052,0.3930550311160914
vit_tiny,29842,0.5271140160693903,0.8577966893644771
vit_tiny,4418,0.6894283102737973,0.8068124902347336
vit_tiny,3147,0.7102963403667673,0.3306634685541212
vit_tiny,10773,0.1369538892085984,0.7534429306942911
vit_tiny,12766,0.21901097710144768,0.246846884045965
vit_tiny,30524,0.9121860536943132,0.5148480325824494
vit_tiny,1993,0.4325479245308088,0.5578487024831702
vit_tiny,1632,0.7620924629700312,0.5842448089788377
vit_tiny,2903,0.72945756810077,0.40232983449823223
vit_tiny,4288,0.6858867387018108,0.6744323164275556
vit_tiny,26488,0.5028686693112832,0.5757240020320751
vit_tiny,2127,0.451693055267242,0.8059030966105638
vit_tiny,31012,0.2889137062811642,0.5283587651701964
vit_tiny,26627,0.15010074060978695,0.15432007765457456
vit_tiny,19032,0.4160739738290431,0.5657395613088738
vit_tiny,1301,0.29737688339673696,0.6365643356839428
vit_tiny,21284,0.7243252823936928,0.5174647474195808
vit_tiny,2304,0.7822265416652954,0.5448313481865625
vit_tiny,32350,0.35863700789559516,0.557694087146956
vit_tiny,4090,0.41759457314166326,0.497476338526889
vit_tiny,1458,0.6648165917224773,0.6200826700376432
vit_tiny,9806,0.12990677761843017,0.1318561109565053
vit_tiny,5362,0.5647344265388341,0.48122330123798207
vit_tiny,20186,0.43758876700637117,0.4717481322665904
vit_tiny,13709,0.3209760010926672,0.31274355422861255
vit_tiny,4101,0.2693836114704595,0.26014246603226
vit_tiny,25601,0.6556371554050031,0.6633524697049111
vit_tiny,4094,0.3505339974268651,0.4152423160148224
vit_tiny,25595,0.4481259302706526,0.4731552771473879
vit_tiny,4100,0.2727310766676325,0.38270024067472264
vit_tiny,6861,0.10090704128174721,0.2730317470206529
vit_tiny,4593,0.5365044730122328,0.4338528013274132
vit_tiny,9904,0.5573515145412706,0.383034131811371
vit_tiny,9906,0.4236111984461104,0.2531622944635217
vit_tiny,18601,0.5703608957781512,0.6087765590513641
vit_tiny,4584,0.5614959779353015,0.4787477577926005
vit_tiny,9143,0.49635556567208283,0.5695494864290644
vit_tiny,7916,0.47245541105816713,0.3545227888117033
vit_tiny,16545,0.12977846622123224,0.06295248296775213
vit_tiny,3044,0.47707662206911294,0.4569243778106724
vit_tiny,2299,0.3656618107730196,0.25706612485100777
vit_tiny,4121,0.5430558363831466,0.3104588579809189
vit_tiny,4150,0.7214848958378042,0.7333648313365444
vit_tiny,10215,0.41866893492624513,0.5986511244254871
vit_tiny,4160,0.6568395800637941,0.574148118859469
vit_tiny,4109,0.6862617990168189,0.6930814419050755
vit_tiny,10845,0.5567409293011423,0.3840241768956645
vit_tiny,4113,0.672152878755373,0.7211760444343653
vit_tiny,4174,0.7536816031307616,0.7244387245480084
vit_tiny,4951,0.21634130280904174,0.35120549390649103
vit_tiny,4139,0.6492611456646813,0.6896062464183146
vit_tiny,4136,0.6093888200604027,0.5761568000842985
vit_tiny,4114,0.7493955258519307,0.7710301285892278
vit_tiny,4087,0.6135519254062984,0.5212413243156533
vit_tiny,4110,0.6692563837168564,0.7902547383346885
vit_tiny,1627,0.5975508919586794,0.4773807381438573
vit_tiny,10935,0.5774459051481244,0.597869411974898
vit_tiny,4606,0.4771831555636403,0.6036083490395185
vit_tiny,4164,0.7007078280693655,0.7530101604389046
vit_tiny,26687,0.2342075853473844,0.01569409164396518
vit_tiny,4169,0.7178112227461639,0.7523241939646681
vit_tiny,4605,0.6693035106248431,0.5593939891465567
vit_tiny,10918,0.5791833056335989,0.6169561809971498
vit_tiny,20030,0.02451930963085225,0.00013830698672734343
vit_tiny,29752,0.22417987064163114,0.2221395986974919
vit_tiny,25340,0.10892953288094276,0.11512426949542132
vit_tiny,994,0.6890456750275895,0.6706429152402862
vit_tiny,25590,0.025738457073073207,0.025205052273820527
vit_tiny,19770,0.1736974617471656,0.12603691087060476
vit_tiny,3534,0.22883351356629156,0.24051092246495465
vit_tiny,19860,0.026124559228813737,0.06632167595142846
vit_tiny,25599,0.1246645253614389,0.12448664646158392
vit_tiny,19849,0.12531272990024078,0.12456018207026887
vit_tiny,25604,0.024919225591975014,0.02494434930732048
vit_tiny,3628,0.17518688047123998,0.14337015314245072
vit_tiny,24624,0.02714250128298268,0.02496246456951745
vit_tiny,19741,0.22556079979833576,0.2232810676654733
vit_tiny,19783,0.12780608393300597,0.16216564475600848
vit_tiny,14473,0.07480076428005766,0.07463593130929169
vit_tiny,34331,0.21963033129371645,0.21958732544598547
vit_tiny,33036,0.050374291292063944,0.025527272701770798
vit_tiny,25277,0.12487706583132407,0.10215424956389185
vit_tiny,7807,0.27393137161698,0.26873326334898096
vit_tiny,25320,0.17453218631163203,0.17875795107126535
vit_tiny,527,0.22074027322576129,0.17611156634457537
swin_tiny,11598,0.7504489182756515,0.7725926300918218
swin_tiny,8612,0.9105456217876053,0.821357418783009
swin_tiny,32384,0.9250135491747642,0.8656643119174987
swin_tiny,22088,0.8861897833412513,0.7411987451050663
swin_tiny,1258,0.762297859575483,0.8457222947326954
swin_tiny,3882,0.9174735477135982,0.854187694232678
swin_tiny,26021,0.129080599233248,0.16307251315856774
swin_tiny,28706,0.8884249332477339,0.7556147455325117
swin_tiny,12774,0.8885419840371469,0.7836975045211148
swin_tiny,20577,0.8557357935060281,0.928888969385298
swin_tiny,20069,0.8935829590482172,0.9231597110338043
swin_tiny,22989,0.9202757125458447,0.6999746302608401
swin_tiny,19017,0.8956197833467741,0.8303244685521349
swin_tiny,31697,0.8240634005342145,0.8042134504794376
swin_tiny,23363,0.8778592420931091,0.876029987965012
swin_tiny,18777,0.7465137158433208,0.8932600713742431
swin_tiny,11832,0.770248102460755,0.6787687533942517
swin_tiny,28618,0.7340669671684736,0.85384140961105
swin_tiny,22858,0.9074130413064267,0.873085852508666
swin_tiny,511,0.7341669248125982,0.9000379710341804
swin_tiny,29736,0.824372343995492,0.8876887405640446
swin_tiny,33474,0.8316986815116252,0.8602624208433554
swin_tiny,25573,0.8460585603606887,0.744247038019239
swin_tiny,4312,0.30744325241438286,0.3568551017787125
swin_tiny,24225,0.17703108738288975,0.24357501339618182
swin_tiny,5114,0.19462666111039262,0.28364177178870875
swin_tiny,107,0.32924472859098675,0.2586382548095969
swin_tiny,10443,0.598759921558667,0.33820137456132215
swin_tiny,5117,0.12937730706296158,0.2542839114914699
swin_tiny,27764,0.07634298799462158,0.09719760466114202
swin_tiny,31588,0.18181652006774307,0.26755739877877716
swin_tiny,5131,0.44775870298645515,0.3099489271005069
swin_tiny,1761,0.25665720202745845,0.0868894306925938
swin_tiny,34288,0.02699148033438803,0.13902744223402985
swin_tiny,26309,0.8713221604484715,0.8578705189574976
swin_tiny,21752,0.11872179407100347,0.10173219790159438
swin_tiny,20801,0.3165014172754974,0.3313772943152138
swin_tiny,17666,0.8869145725548151,0.5189977911140886
swin_tiny,16706,0.37447208730565684,0.23884784068749987
swin_tiny,6553,0.33825944095848204,0.22999790480870752
swin_tiny,18583,0.4621483869170788,0.27579479569128296
swin_tiny,20787,0.26452062997059933,0.2634987833751321
swin_tiny,33870,0.6801647821557708,0.8173450953327119
swin_tiny,19563,0.3786554970997793,0.4121909220505344
swin_tiny,2399,0.7943044791826646,0.7180651133249527
swin_tiny,4407,0.3994864751645091,0.27373587311307057
swin_tiny,2272,0.7154837847397366,0.6201044646961411
swin_tiny,2489,0.7078267019708484,0.597546869688204
swin_tiny,1496,0.6770382502223216,0.6713686978105202
swin_tiny,2232,0.7104605841804474,0.5803766451134753
swin_tiny,2415,0.7023828069957863,0.7066652962537767
swin_tiny,2382,0.5564889528620176,0.8370616902271011
swin_tiny,2510,0.686183315095966,0.587833710622983
swin_tiny,19664,0.5067527860292644,0.5886619607251817
swin_tiny,2740,0.6822417624151869,0.6257089611518922
swin_tiny,4872,0.6982252498488495,0.4585903623336791
swin_tiny,4574,0.6734827311258318,0.6645547452571336
swin_tiny,4029,0.6748912884800116,0.49546994671990285
swin_tiny,18720,0.6814100703959487,0.3277022546372401
swin_tiny,1514,0.7592537384383728,0.5865777096058182
swin_tiny,1550,0.5080099924602246,0.5935929433900022
swin_tiny,4564,0.6548804905770873,0.4617612341708317
swin_tiny,4498,0.5341669224850301,0.6199582937382382
swin_tiny,1557,0.4469990925142109,0.44217176736109254
swin_tiny,2195,0.595316309544835,0.659581124640829
swin_tiny,2545,0.40040824320439494,0.5570148771875005
swin_tiny,12693,0.5456382992706494,0.42894880738458596
swin_tiny,4750,0.13174973047648564,0.1420249266971041
swin_tiny,18268,0.24953552237127496,0.3816293247850808
swin_tiny,18844,0.13954782746395722,0.2006039526938821
swin_tiny,29937,0.5299860021724498,0.6647617315570642
swin_tiny,1367,0.7133471394672597,0.7709364341103537
swin_tiny,26201,0.4833053246235295,0.39422535302395545
swin_tiny,7843,0.5488204151406535,0.822249230928719
swin_tiny,25933,0.7754936523342622,0.6249780159560032
swin_tiny,7777,0.3754960150081388,0.19358131489025254
swin_tiny,3199,0.11897737260255781,0.08720724110094125
swin_tiny,1633,0.4741725813522635,0.46280518994606723
swin_tiny,5569,0.0861861698877231,0.07498371004595938
swin_tiny,32022,0.3846506145400781,0.3361082750482183
swin_tiny,4352,0.44312815537307415,0.47474349068201604
swin_tiny,5398,0.29435927672932394,0.4687956060599845
swin_tiny,1836,0.7847813062121531,0.4722714813165112
swin_tiny,6819,0.7812151352045476,0.2925555555484607
swin_tiny,30428,0.19288986925857898,0.18749487686454813
swin_tiny,11121,0.35633164282921825,0.15357268682055292
swin_tiny,34333,0.33444662733109,0.16467216233422732
swin_tiny,11558,0.25544264060545174,0.24414586290549778
swin_tiny,15095,0.3977834639383495,0.4483025797552287
swin_tiny,5482,0.4661534418228577,0.477722096565504
swin_tiny,27612,0.6748031332589246,0.3002094553463195
swin_tiny,9711,0.7980615100823343,0.8742362838238478
swin_tiny,2485,0.08485935217578344,0.5681471073383548
swin_tiny,25055,0.562751312594628,0.6394993490321212
swin_tiny,25226,0.8247833190325764,0.8374604574346449
swin_tiny,2517,0.6284430948839788,0.43462153480708565
swin_tiny,3986,0.4456840216627995,0.5464661809896576
swin_tiny,5449,0.5984713123492504,0.17948171730945006
swin_tiny,25650,0.8053191124781733,0.7104963057499845
swin_tiny,5353,0.7702845014341904,0.6780223037170892
swin_tiny,13786,0.33816508188767713,0.3900925051828814
swin_tiny,4322,0.677668091014576,0.738960714866014
swin_tiny,25639,0.17705650651817173,0.16159152523862286
swin_tiny,25205,0.3650051558943552,0.5224321869236128
swin_tiny,1831,0.8330107507708338,0.749537013544991
swin_tiny,3536,0.5432176450034731,0.46737645236587255
swin_tiny,2096,0.41242414705964237,0.4657593387493115
swin_tiny,5469,0.7617359533422015,0.6447051681752534
swin_tiny,5050,0.6121719989143877,0.7606308517320919
swin_tiny,25655,0.5484042503808269,0.5597131051214923
swin_tiny,25122,0.5806062952942739,0.38531754582800204
swin_tiny,25439,0.4863016121016699,0.8043211902840994
swin_tiny,12884,0.8754604029818438,0.2771174288009206
swin_tiny,29842,0.7408667104609776,0.7307489933737088
swin_tiny,4418,0.48660183106039767,0.3381627678536461
swin_tiny,3147,0.518501457428556,0.6176781150388706
swin_tiny,10773,0.6611698841879843,0.422758077897015
swin_tiny,12766,0.1626081683528975,0.02525957101424936
swin_tiny,30524,0.4609183798493177,0.3838833789322962
swin_tiny,1993,0.5272509167116368,0.36066981402109377
swin_tiny,1632,0.7752783645701129,0.8044530268816743
swin_tiny,2903,0.7004156812035944,0.47014730774390046
swin_tiny,4288,0.7673589616315439,0.9572313828393817
swin_tiny,26488,0.5347658176251571,0.49107763770189194
swin_tiny,2127,0.6773872425255831,0.6590849527638056
swin_tiny,31012,0.49154256511246786,0.47610665831416554
swin_tiny,26627,0.4595185013822629,0.3667492888926063
swin_tiny,19032,0.8468887408525916,0.6202057347691152
swin_tiny,1301,0.7518266953993589,0.8048476282856427
swin_tiny,21284,0.8209978645609226,0.6389645325543825
swin_tiny,2304,0.5148638315149583,0.7374610051629134
swin_tiny,32350,0.45369338686577976,0.7224648782867007
swin_tiny,4090,0.2902682013295802,0.3784664502685666
swin_tiny,1458,0.48707288468361193,0.4536336906537075
swin_tiny,9806,0.12594801388172527,0.10852572425483231
swin_tiny,5362,0.39592281467555396,0.42580778384737505
swin_tiny,20186,0.2976479136785645,0.302928818989405
swin_tiny,13709,0.3119311229529558,0.20159270703334187
swin_tiny,4101,0.16462631519770193,0.1918631129155013
swin_tiny,25601,0.018942963699604076,0.019605636628375223
swin_tiny,4094,0.31258932623382646,0.33068144425961266
swin_tiny,25595,0.19406294126777401,0.28900140749725456
swin_tiny,4100,0.11958188969992989,0.4467292587905831
swin_tiny,6861,0.018979303903294498,0.01871015223685113
swin_tiny,4593,0.4876197832943253,0.47279063242014807
swin_tiny,9904,0.3435843983388799,0.23451057964145505
swin_tiny,9906,0.14515286031473273,0.16404380765840543
swin_tiny,18601,0.38173723702559975,0.36488713187536426
swin_tiny,4584,0.4460046052796438,0.479182980613772
swin_tiny,9143,0.39560754536144715,0.462774434853591
swin_tiny,7916,0.21305877643950033,0.16709553498556973
swin_tiny,16545,0.4501883042361803,0.4091860871324632
swin_tiny,3044,0.30365866829969806,0.3636085077393391
swin_tiny,2299,0.2268064336964779,0.25164081299395036
swin_tiny,4121,0.2961918141999149,0.21242005642880102
swin_tiny,4150,0.6372227781280202,0.5244953027505055
swin_tiny,10215,0.3344832792217858,0.2704971259743161
swin_tiny,4160,0.5226233527431816,0.44414423567913275
swin_tiny,4109,0.5377883619521286,0.48317306881633826
swin_tiny,10845,0.4236515810725905,0.5076785794958596
swin_tiny,4113,0.4871859257765516,0.6014711809577724
swin_tiny,4174,0.42680622481493913,0.16863629074665454
swin_tiny,4951,0.05715028475719919,0.13815181860127268
swin_tiny,4139,0.5873430993834567,0.6221691959738962
swin_tiny,4136,0.3804732373783679,0.31975580606701026
swin_tiny,4114,0.8429371084415394,0.8193156444775838
swin_tiny,4087,0.44737331553396587,0.4775385557494545
swin_tiny,4110,0.5961720262929475,0.4911208263655453
swin_tiny,1627,0.4174644002569039,0.4262074035045771
swin_tiny,10935,0.16140764659807427,0.09437264501712406
swin_tiny,4606,0.382272295217593,0.5277157774874617
swin_tiny,4164,0.6737786235963412,0.5867090857939132
swin_tiny,26687,0.04525930959778535,0.21591630329425016
swin_tiny,4169,0.6817938623756348,0.7054029514829523
swin_tiny,4605,0.44357389948397596,0.4855381074431122
swin_tiny,10918,0.4820928427748683,0.4923873895768054
swin_tiny,20030,0.5208122546926152,0.5091757502609351
swin_tiny,29752,0.27196131648798316,0.2699006247843313
swin_tiny,25340,0.08001187063265283,0.07589855239612199
swin_tiny,994,0.026175293080324374,0.027144470399593362
swin_tiny,25590,0.06590596301784828,0.0738497959995304
swin_tiny,19770,0.1770980218672716,0.1780074481397214
swin_tiny,3534,0.2739361218620433,0.27336471825610964
swin_tiny,19860,0.047900767055130404,0.05468356250695357
swin_tiny,25599,0.1360655961490395,0.12445949203612255
swin_tiny,19849,0.15264570283013493,0.12899714528607154
swin_tiny,25604,0.0748013154997915,0.07478385644471798
swin_tiny,3628,0.16256343827541486,0.14898453027060518
swin_tiny,24624,0.03814323226848543,0.029424001449621706
swin_tiny,19741,0.22529362321484733,0.23160260649994452
swin_tiny,19783,0.19768222333178193,0.17865826106309216
swin_tiny,14473,0.056312303196484934,0.06615957176235346
swin_tiny,34331,0.2298919139946895,0.22412622250609507
swin_tiny,33036,0.08450343774764282,0.08900685708764913
swin_tiny,25277,0.12814096901888428,0.11397469523827458
swin_tiny,7807,0.27427324898325356,0.2739789697499982
swin_tiny,25320,0.17434682425791947,0.183406558967496
swin_tiny,527,0.2235706866810262,0.1797705030062732
